Participant,Image,Session,Awareness,Trial,Experiment_Third,Mooney_Half,Block,Within-NSS-Typicality,ReferenceMap,NSS
108,1001.jpg,U,unconscious_aware,440,Extra,Whole,Extra,1.8183355331420898,Intact,0.17248813807964325
117,1001.jpg,U,unconscious_aware,437,Extra,Whole,Extra,,Intact,6.288125514984131
113,1001.jpg,U,unconscious_unaware,379,Extra,Whole,Extra,0.6941614747047424,Intact,0.7099995017051697
115,1001.jpg,U,unconscious_unaware,441,Extra,Whole,Extra,1.4869633913040161,Intact,-0.10821360349655151
115,1002.jpg,C,conscious_aware,57,Exp_First,Whole,Experiment,0.20159225165843964,Intact,1.5203484296798706
119,1002.jpg,C,conscious_aware,19,Exp_First,Whole,Experiment,0.16268301010131836,Intact,-0.18839989602565765
108,1002.jpg,U,unconscious_aware,128,Exp_Second,Whole,Experiment,3.2689058780670166,Intact,4.057962894439697
117,1002.jpg,U,unconscious_aware,444,Extra,Whole,Extra,,Intact,0.04876762256026268
117,1002.jpg,U,unconscious_aware,55,Exp_First,Whole,Experiment,1.81887686252594,Intact,0.8228294253349304
119,1002.jpg,U,unconscious_aware,441,Extra,Whole,Extra,3.8685073852539062,Intact,0.07376336306333542
102,1002.jpg,U,unconscious_unaware,121,Exp_Second,Whole,Experiment,3.414341688156128,Intact,4.207498550415039
103,1002.jpg,U,unconscious_unaware,125,Exp_Second,Whole,Experiment,2.1614980697631836,Intact,2.682267427444458
113,1002.jpg,U,unconscious_unaware,358,Extra,Whole,Extra,3.929805278778076,Intact,1.175553798675537
113,1002.jpg,U,unconscious_unaware,78,Exp_Second,Whole,Experiment,3.7225658893585205,Intact,0.08820384740829468
116,1002.jpg,U,unconscious_unaware,393,Extra,Whole,Extra,1.7620381116867065,Intact,1.1790647506713867
101,1004.jpg,C,conscious_aware,83,Exp_Second,Whole,Experiment,9.261635780334473,Intact,6.006461143493652
102,1004.jpg,C,conscious_aware,12,Exp_First,Whole,Experiment,10.69049072265625,Intact,4.502446174621582
103,1004.jpg,C,conscious_aware,107,Exp_Second,Whole,Experiment,3.475318193435669,Intact,3.622859477996826
107,1004.jpg,C,conscious_aware,9,Exp_First,Whole,Experiment,6.662714958190918,Intact,-0.1618507355451584
111,1004.jpg,C,conscious_aware,47,Exp_First,Whole,Experiment,4.61659049987793,Intact,0.3615809977054596
108,1004.jpg,U,unconscious_aware,106,Exp_Second,Whole,Experiment,4.714378833770752,Intact,6.425390720367432
117,1004.jpg,U,unconscious_aware,443,Extra,Whole,Extra,5.430719375610352,Intact,0.1037679985165596
119,1004.jpg,U,unconscious_aware,113,Exp_Second,Whole,Experiment,,Intact,0.22784225642681122
119,1004.jpg,U,unconscious_aware,410,Extra,Whole,Extra,0.9902830123901367,Intact,1.240944504737854
102,1004.jpg,U,unconscious_unaware,387,Extra,Whole,Extra,5.124472141265869,Intact,7.356322288513184
113,1004.jpg,U,unconscious_unaware,342,Extra,Whole,Extra,6.71626091003418,Intact,6.511720657348633
115,1004.jpg,U,unconscious_unaware,113,Exp_Second,Whole,Experiment,1.5027244091033936,Intact,0.18869034945964813
115,1004.jpg,U,unconscious_unaware,309,Extra,Whole,Extra,1.8457973003387451,Intact,3.161308765411377
116,1004.jpg,U,unconscious_unaware,377,Extra,Whole,Extra,1.672311782836914,Intact,4.799435138702393
117,1004.jpg,U,unconscious_unaware,19,Exp_First,Whole,Experiment,,Intact,-0.13112303614616394
107,1005.jpg,C,conscious_aware,73,Exp_Second,Whole,Experiment,3.573514699935913,Intact,0.1773965060710907
113,1005.jpg,C,conscious_aware,37,Exp_First,Whole,Experiment,7.449141979217529,Intact,2.8221490383148193
116,1005.jpg,C,conscious_aware,37,Exp_First,Whole,Experiment,,Intact,4.902754783630371
117,1005.jpg,C,conscious_aware,38,Exp_First,Whole,Experiment,-0.13266628980636597,Intact,1.75121009349823
108,1005.jpg,U,unconscious_aware,37,Exp_First,Whole,Experiment,7.916856288909912,Intact,0.9165453314781189
108,1005.jpg,U,unconscious_aware,372,Extra,Whole,Extra,1.5225059986114502,Intact,9.17803955078125
102,1005.jpg,U,unconscious_unaware,345,Extra,Whole,Extra,7.062058448791504,Intact,2.8669233322143555
105,1005.jpg,U,unconscious_unaware,72,Exp_Second,Whole,Experiment,9.871986389160156,Intact,2.934537649154663
116,1005.jpg,U,unconscious_unaware,342,Extra,Whole,Extra,2.042266607284546,Intact,6.101495742797852
117,1005.jpg,U,unconscious_unaware,402,Extra,Whole,Extra,,Intact,0.5474580526351929
101,1006.jpg,C,conscious_aware,29,Exp_First,Whole,Experiment,7.458869457244873,Intact,5.191938877105713
102,1006.jpg,C,conscious_aware,127,Exp_Second,Whole,Experiment,4.964271068572998,Intact,1.907975196838379
105,1006.jpg,C,conscious_aware,131,Exp_Second,Whole,Experiment,7.368780136108398,Intact,8.13550090789795
113,1006.jpg,C,conscious_aware,93,Exp_Second,Whole,Experiment,8.156648635864258,Intact,1.8117011785507202
117,1006.jpg,C,conscious_aware,118,Exp_Second,Whole,Experiment,,Intact,-0.11113284528255463
119,1006.jpg,C,conscious_aware,25,Exp_First,Whole,Experiment,0.21534021198749542,Intact,0.298303484916687
108,1006.jpg,U,unconscious_aware,31,Exp_First,Whole,Experiment,3.3124051094055176,Intact,2.9122745990753174
108,1006.jpg,U,unconscious_aware,451,Extra,Whole,Extra,0.6167577505111694,Intact,2.4460573196411133
115,1006.jpg,U,unconscious_unaware,425,Extra,Whole,Extra,2.1717796325683594,Intact,6.475172996520996
115,1006.jpg,U,unconscious_unaware,64,Exp_First,Whole,Experiment,3.1344947814941406,Intact,2.3151674270629883
102,1008.jpg,C,conscious_aware,80,Exp_Second,Whole,Experiment,5.167876720428467,Intact,0.9844357967376709
103,1008.jpg,C,conscious_aware,46,Exp_First,Whole,Experiment,2.591892957687378,Intact,2.8006186485290527
105,1008.jpg,C,conscious_aware,77,Exp_Second,Whole,Experiment,7.153016090393066,Intact,5.101475238800049
107,1008.jpg,C,conscious_aware,115,Exp_Second,Whole,Experiment,4.569456577301025,Intact,1.8438245058059692
115,1008.jpg,C,conscious_aware,70,Exp_Second,Whole,Experiment,6.4662556648254395,Intact,2.86137056350708
116,1008.jpg,C,conscious_aware,7,Exp_First,Whole,Experiment,0.5629295110702515,Intact,1.7211395502090454
101,1008.jpg,U,unconscious_unaware,111,Exp_Second,Whole,Experiment,8.773371696472168,Intact,4.353164196014404
101,1008.jpg,U,unconscious_unaware,343,Extra,Whole,Extra,2.6060471534729004,Intact,5.078817844390869
105,1008.jpg,U,unconscious_unaware,411,Extra,Whole,Extra,3.974529266357422,Intact,5.967958927154541
113,1008.jpg,U,unconscious_unaware,321,Extra,Whole,Extra,4.037655830383301,Intact,2.028839111328125
119,1008.jpg,U,unconscious_unaware,418,Extra,Whole,Extra,,Intact,0.9588845372200012
108,1009.jpg,C,conscious_aware,25,Exp_First,Whole,Experiment,0.9798780679702759,Intact,7.4600396156311035
111,1009.jpg,C,conscious_aware,91,Exp_Second,Whole,Experiment,3.917950391769409,Intact,0.9397966861724854
113,1009.jpg,C,conscious_aware,22,Exp_First,Whole,Experiment,,Intact,1.2973098754882812
117,1009.jpg,C,conscious_aware,128,Exp_Second,Whole,Experiment,-0.16023682057857513,Intact,0.37490877509117126
103,1009.jpg,U,unconscious_aware,449,Extra,Whole,Extra,0.031183669343590736,Intact,0.24485477805137634
117,1009.jpg,U,unconscious_aware,356,Extra,Whole,Extra,,Intact,0.5740755200386047
101,1009.jpg,U,unconscious_unaware,433,Extra,Whole,Extra,3.8542702198028564,Intact,0.1081007868051529
116,1009.jpg,U,unconscious_unaware,59,Exp_First,Whole,Experiment,1.7302846908569336,Intact,0.8754949569702148
119,1009.jpg,U,unconscious_unaware,333,Extra,Whole,Extra,7.479215145111084,Intact,4.6887922286987305
102,1010.jpg,C,conscious_aware,13,Exp_First,Whole,Experiment,0.5772616267204285,Intact,0.49917975068092346
103,1010.jpg,C,conscious_aware,113,Exp_Second,Whole,Experiment,0.3211974799633026,Intact,2.452685594558716
108,1010.jpg,C,conscious_aware,125,Exp_Second,Whole,Experiment,2.1786141395568848,Intact,1.2845511436462402
116,1010.jpg,C,conscious_aware,101,Exp_Second,Whole,Experiment,1.4543142318725586,Intact,4.113563060760498
103,1010.jpg,U,unconscious_aware,419,Extra,Whole,Extra,2.1857025623321533,Intact,1.0588464736938477
117,1010.jpg,U,unconscious_aware,113,Exp_Second,Whole,Experiment,,Intact,0.7646386027336121
117,1010.jpg,U,unconscious_aware,322,Extra,Whole,Extra,2.6236941814422607,Intact,4.084352970123291
119,1010.jpg,U,unconscious_aware,371,Extra,Whole,Extra,,Intact,0.005417667329311371
101,1010.jpg,U,unconscious_unaware,48,Exp_First,Whole,Experiment,1.602232813835144,Intact,1.2031152248382568
105,1010.jpg,U,unconscious_unaware,107,Exp_Second,Whole,Experiment,1.4715207815170288,Intact,1.0277023315429688
115,1010.jpg,U,unconscious_unaware,84,Exp_Second,Whole,Experiment,1.5547959804534912,Intact,3.8851730823516846
116,1010.jpg,U,unconscious_unaware,400,Extra,Whole,Extra,3.0817644596099854,Intact,2.0363714694976807
119,1010.jpg,U,unconscious_unaware,83,Exp_First,Whole,Experiment,1.3276487588882446,Intact,-0.10012826323509216
107,1012.jpg,C,conscious_aware,78,Exp_Second,Whole,Experiment,4.2240376472473145,Intact,-0.041213616728782654
111,1012.jpg,C,conscious_aware,35,Exp_First,Whole,Experiment,1.6512951850891113,Intact,4.705970764160156
115,1012.jpg,C,conscious_aware,72,Exp_Second,Whole,Experiment,2.8226780891418457,Intact,1.1168596744537354
117,1012.jpg,C,conscious_aware,108,Exp_Second,Whole,Experiment,1.890140175819397,Intact,1.7752472162246704
101,1012.jpg,U,unconscious_aware,444,Extra,Whole,Extra,6.421682834625244,Intact,1.6307260990142822
103,1012.jpg,U,unconscious_aware,106,Exp_Second,Whole,Experiment,0.22761008143424988,Intact,1.4350074529647827
108,1012.jpg,U,unconscious_aware,100,Exp_Second,Whole,Experiment,6.590686321258545,Intact,0.048008032143116
117,1012.jpg,U,unconscious_aware,355,Extra,Whole,Extra,,Intact,-0.17943677306175232
119,1012.jpg,U,unconscious_aware,37,Exp_First,Whole,Experiment,,Intact,0.10929860174655914
119,1012.jpg,U,unconscious_aware,435,Extra,Whole,Extra,8.109394073486328,Intact,0.2309233844280243
102,1012.jpg,U,unconscious_unaware,48,Exp_First,Whole,Experiment,3.302576780319214,Intact,0.9906759858131409
105,1012.jpg,U,unconscious_unaware,10,Exp_First,Whole,Experiment,,Intact,0.6103289723396301
105,1012.jpg,U,unconscious_unaware,388,Extra,Whole,Extra,0.9331517815589905,Intact,-0.03959912061691284
116,1012.jpg,U,unconscious_unaware,104,Exp_Second,Whole,Experiment,7.976986885070801,Intact,0.5678125619888306
116,1012.jpg,U,unconscious_unaware,371,Extra,Whole,Extra,6.541313648223877,Intact,0.33560246229171753
103,1013.jpg,C,conscious_aware,109,Exp_Second,Whole,Experiment,4.234238147735596,Intact,0.36419710516929626
117,1013.jpg,C,conscious_aware,43,Exp_First,Whole,Experiment,,Intact,0.7832246422767639
103,1013.jpg,U,unconscious_aware,325,Extra,Whole,Extra,,Intact,1.372887372970581
117,1013.jpg,U,unconscious_aware,352,Extra,Whole,Extra,,Intact,0.20438915491104126
119,1013.jpg,U,unconscious_aware,85,Exp_First,Whole,Experiment,-0.1928323656320572,Intact,1.0060371160507202
101,1013.jpg,U,unconscious_unaware,401,Extra,Whole,Extra,-0.1683565229177475,Intact,1.2254538536071777
102,1013.jpg,U,unconscious_unaware,103,Exp_Second,Whole,Experiment,2.790003776550293,Intact,0.9478510022163391
105,1013.jpg,U,unconscious_unaware,74,Exp_Second,Whole,Experiment,5.601489067077637,Intact,7.771740913391113
113,1013.jpg,U,unconscious_unaware,10,Exp_First,Whole,Experiment,3.0628020763397217,Intact,2.6118404865264893
103,1014.jpg,C,conscious_aware,68,Exp_First,Whole,Experiment,5.646856307983398,Intact,-0.07362175732851028
105,1014.jpg,C,conscious_aware,39,Exp_First,Whole,Experiment,,Intact,-0.027377724647521973
115,1014.jpg,C,conscious_aware,37,Exp_First,Whole,Experiment,3.319364309310913,Intact,1.3733747005462646
119,1014.jpg,C,conscious_aware,105,Exp_Second,Whole,Experiment,,Intact,-0.20564088225364685
108,1014.jpg,U,unconscious_aware,2,Exp_First,Whole,Experiment,3.448974609375,Intact,1.3517662286758423
116,1014.jpg,U,unconscious_aware,38,Exp_First,Whole,Experiment,1.483191728591919,Intact,5.82998514175415
117,1014.jpg,U,unconscious_aware,409,Extra,Whole,Extra,,Intact,1.5740013122558594
119,1014.jpg,U,unconscious_aware,302,Extra,Whole,Extra,,Intact,0.2183171510696411
101,1014.jpg,U,unconscious_unaware,101,Exp_Second,Whole,Experiment,1.0591411590576172,Intact,0.8501906394958496
101,1014.jpg,U,unconscious_unaware,346,Extra,Whole,Extra,4.262986660003662,Intact,1.891306757926941
102,1014.jpg,U,unconscious_unaware,81,Exp_Second,Whole,Experiment,0.8170151114463806,Intact,1.1430178880691528
115,1014.jpg,U,unconscious_unaware,340,Extra,Whole,Extra,1.4004669189453125,Intact,0.7693525552749634
117,1014.jpg,U,unconscious_unaware,3,Exp_First,Whole,Experiment,,Intact,0.08864916115999222
102,1015.jpg,C,conscious_aware,3,Exp_First,Whole,Experiment,3.120276689529419,Intact,5.244909286499023
107,1015.jpg,C,conscious_aware,70,Exp_Second,Whole,Experiment,1.37859308719635,Intact,-0.1562739610671997
111,1015.jpg,C,conscious_aware,2,Exp_First,Whole,Experiment,4.14393424987793,Intact,6.4848456382751465
113,1015.jpg,C,conscious_aware,108,Exp_Second,Whole,Experiment,1.6980615854263306,Intact,0.0033322402741760015
115,1015.jpg,C,conscious_aware,107,Exp_Second,Whole,Experiment,2.197697877883911,Intact,2.734368324279785
103,1015.jpg,U,unconscious_aware,403,Extra,Whole,Extra,,Intact,2.144109010696411
108,1015.jpg,U,unconscious_aware,107,Exp_Second,Whole,Experiment,4.4399309158325195,Intact,1.0542981624603271
101,1015.jpg,U,unconscious_unaware,109,Exp_Second,Whole,Experiment,0.5915517807006836,Intact,1.096373200416565
105,1015.jpg,U,unconscious_unaware,104,Exp_Second,Whole,Experiment,2.2429726123809814,Intact,3.640460968017578
105,1015.jpg,U,unconscious_unaware,378,Extra,Whole,Extra,2.982916831970215,Intact,3.511401414871216
113,1015.jpg,U,unconscious_unaware,335,Extra,Whole,Extra,2.7903575897216797,Intact,1.0917117595672607
103,1016.jpg,U,unconscious_aware,313,Extra,Whole,Extra,,Intact,-0.2753062844276428
116,1016.jpg,U,unconscious_aware,302,Extra,Whole,Extra,-0.1308855265378952,Intact,2.172226905822754
103,1019.jpg,C,conscious_aware,103,Exp_Second,Whole,Experiment,2.553612470626831,Intact,0.8700564503669739
108,1019.jpg,C,conscious_aware,46,Exp_First,Whole,Experiment,2.226609706878662,Intact,1.630568265914917
114,1019.jpg,C,conscious_aware,111,Exp_Second,Whole,Experiment,,Intact,1.5611318349838257
115,1019.jpg,C,conscious_aware,116,Exp_Second,Whole,Experiment,2.5937631130218506,Intact,3.457390069961548
116,1019.jpg,C,conscious_aware,15,Exp_First,Whole,Experiment,0.1231231689453125,Intact,-0.16968019306659698
108,1019.jpg,U,unconscious_aware,375,Extra,Whole,Extra,1.3302295207977295,Intact,0.5835593342781067
117,1019.jpg,U,unconscious_aware,442,Extra,Whole,Extra,11.095071792602539,Intact,10.773540496826172
119,1019.jpg,U,unconscious_aware,101,Exp_Second,Whole,Experiment,,Intact,0.08403130620718002
101,1019.jpg,U,unconscious_unaware,44,Exp_First,Whole,Experiment,9.400591850280762,Intact,0.44059962034225464
102,1019.jpg,U,unconscious_unaware,44,Exp_First,Whole,Experiment,4.083502292633057,Intact,2.297771692276001
105,1019.jpg,U,unconscious_unaware,345,Extra,Whole,Extra,6.513488292694092,Intact,0.14648908376693726
105,1019.jpg,U,unconscious_unaware,46,Exp_First,Whole,Experiment,10.13557243347168,Intact,1.0967663526535034
117,1021.jpg,U,unconscious_aware,370,Extra,Whole,Extra,,Intact,1.476428508758545
119,1021.jpg,U,unconscious_aware,370,Extra,Whole,Extra,,Intact,2.019098997116089
102,1021.jpg,U,unconscious_unaware,335,Extra,Whole,Extra,,Intact,0.9286466836929321
113,1021.jpg,U,unconscious_unaware,409,Extra,Whole,Extra,1.4351422786712646,Intact,1.3760812282562256
115,1021.jpg,U,unconscious_unaware,370,Extra,Whole,Extra,2.642543315887451,Intact,1.9191937446594238
116,1021.jpg,U,unconscious_unaware,306,Extra,Whole,Extra,4.0220441818237305,Intact,1.4957329034805298
101,1022.jpg,C,conscious_aware,61,Exp_Second,Whole,Experiment,2.265275239944458,Intact,5.738335609436035
102,1022.jpg,C,conscious_aware,125,Exp_Second,Whole,Experiment,3.155697822570801,Intact,1.0168209075927734
103,1022.jpg,C,conscious_aware,120,Exp_Second,Whole,Experiment,2.8913216590881348,Intact,4.226161956787109
111,1022.jpg,C,conscious_aware,127,Exp_Second,Whole,Experiment,2.9927070140838623,Intact,2.476930618286133
116,1022.jpg,C,conscious_aware,77,Exp_Second,Whole,Experiment,3.0905537605285645,Intact,0.13930723071098328
119,1022.jpg,C,conscious_aware,128,Exp_Second,Whole,Experiment,4.67192268371582,Intact,4.279803276062012
103,1022.jpg,U,unconscious_aware,431,Extra,Whole,Extra,2.1601831912994385,Intact,-0.19548633694648743
108,1022.jpg,U,unconscious_aware,79,Exp_Second,Whole,Experiment,2.5933268070220947,Intact,4.582149505615234
101,1022.jpg,U,unconscious_unaware,432,Extra,Whole,Extra,3.7852776050567627,Intact,3.922598123550415
105,1022.jpg,U,unconscious_unaware,127,Exp_Second,Whole,Experiment,4.060206890106201,Intact,0.7680591344833374
113,1022.jpg,U,unconscious_unaware,64,Exp_First,Whole,Experiment,3.1865639686584473,Intact,3.498265266418457
114,1022.jpg,U,unconscious_unaware,95,Exp_Second,Whole,Experiment,,Intact,3.501012086868286
116,1022.jpg,U,unconscious_unaware,359,Extra,Whole,Extra,0.7441446781158447,Intact,2.1007187366485596
117,1022.jpg,U,unconscious_unaware,52,Exp_First,Whole,Experiment,4.289027214050293,Intact,3.9842636585235596
105,1024.jpg,C,conscious_aware,5,Exp_First,Whole,Experiment,,Intact,-0.1803199052810669
111,1024.jpg,C,conscious_aware,62,Exp_First,Whole,Experiment,,Intact,-0.1803199052810669
116,1024.jpg,C,conscious_aware,125,Exp_Second,Whole,Experiment,,Intact,-0.14358952641487122
119,1024.jpg,C,conscious_aware,30,Exp_First,Whole,Experiment,-0.11533886939287186,Intact,-0.1803199052810669
108,1024.jpg,U,unconscious_aware,391,Extra,Whole,Extra,6.1038923263549805,Intact,5.196430683135986
108,1024.jpg,U,unconscious_aware,60,Exp_First,Whole,Experiment,2.430666446685791,Intact,3.7016549110412598
102,1024.jpg,U,unconscious_unaware,127,Exp_Second,Whole,Experiment,1.7520825862884521,Intact,1.8270277976989746
103,1024.jpg,U,unconscious_unaware,129,Exp_Second,Whole,Experiment,2.7294139862060547,Intact,3.107940196990967
117,1024.jpg,U,unconscious_unaware,64,Exp_Second,Whole,Experiment,1.9884694814682007,Intact,0.5110353827476501
107,1028.jpg,C,conscious_aware,16,Exp_First,Whole,Experiment,,Intact,0.051496461033821106
108,1028.jpg,C,conscious_aware,28,Exp_First,Whole,Experiment,0.13745416700839996,Intact,1.7542427778244019
111,1028.jpg,C,conscious_aware,128,Exp_Second,Whole,Experiment,-0.15832260251045227,Intact,-0.09006348997354507
116,1028.jpg,U,unconscious_aware,62,Exp_First,Whole,Experiment,1.1563029289245605,Intact,2.082590341567993
119,1028.jpg,U,unconscious_aware,443,Extra,Whole,Extra,,Intact,1.1497902870178223
102,1028.jpg,U,unconscious_unaware,113,Exp_Second,Whole,Experiment,2.4459807872772217,Intact,-0.02403535693883896
105,1028.jpg,U,unconscious_unaware,329,Extra,Whole,Extra,0.07820834964513779,Intact,1.271295428276062
113,1028.jpg,U,unconscious_unaware,45,Exp_First,Whole,Experiment,1.206337332725525,Intact,1.4307481050491333
115,1028.jpg,U,unconscious_unaware,100,Exp_Second,Whole,Experiment,2.7903380393981934,Intact,0.6204267144203186
115,1028.jpg,U,unconscious_unaware,365,Extra,Whole,Extra,1.8878833055496216,Intact,-0.29530179500579834
119,1028.jpg,U,unconscious_unaware,98,Exp_Second,Whole,Experiment,1.3138327598571777,Intact,1.7011234760284424
103,1031.jpg,U,unconscious_aware,347,Extra,Whole,Extra,,Intact,0.6646127104759216
108,1031.jpg,U,unconscious_aware,348,Extra,Whole,Extra,2.67053484916687,Intact,2.192720890045166
102,1034.jpg,C,conscious_aware,97,Exp_Second,Whole,Experiment,0.9078508615493774,Intact,0.7616300582885742
108,1034.jpg,C,conscious_aware,67,Exp_Second,Whole,Experiment,1.2090494632720947,Intact,4.219266891479492
103,1034.jpg,U,unconscious_aware,52,Exp_First,Whole,Experiment,5.682943344116211,Intact,5.084413528442383
117,1034.jpg,U,unconscious_aware,327,Extra,Whole,Extra,0.5104841589927673,Intact,0.804928183555603
119,1034.jpg,U,unconscious_aware,130,Exp_Second,Whole,Experiment,3.0000839233398438,Intact,-0.2361495941877365
119,1034.jpg,U,unconscious_aware,325,Extra,Whole,Extra,5.3170366287231445,Intact,0.36477530002593994
101,1034.jpg,U,unconscious_unaware,112,Exp_Second,Whole,Experiment,5.436752796173096,Intact,0.9937138557434082
115,1034.jpg,U,unconscious_unaware,330,Extra,Whole,Extra,-0.22970008850097656,Intact,0.7860473990440369
116,1034.jpg,U,unconscious_unaware,93,Exp_Second,Whole,Experiment,4.143427848815918,Intact,2.581162452697754
103,1042.jpg,C,conscious_aware,78,Exp_Second,Whole,Experiment,5.0491437911987305,Intact,1.8253315687179565
107,1042.jpg,C,conscious_aware,46,Exp_First,Whole,Experiment,4.920322895050049,Intact,1.9923969507217407
108,1042.jpg,C,conscious_aware,108,Exp_Second,Whole,Experiment,-0.2239949256181717,Intact,-0.24102915823459625
115,1042.jpg,C,conscious_aware,23,Exp_First,Whole,Experiment,1.751952052116394,Intact,2.9177651405334473
117,1042.jpg,C,conscious_aware,73,Exp_First,Whole,Experiment,3.553731679916382,Intact,0.7828523516654968
101,1042.jpg,U,unconscious_aware,353,Extra,Whole,Extra,2.0610198974609375,Intact,5.611889839172363
103,1042.jpg,U,unconscious_aware,328,Extra,Whole,Extra,6.295034885406494,Intact,2.822408437728882
108,1042.jpg,U,unconscious_aware,357,Extra,Whole,Extra,4.046819686889648,Intact,-0.26692959666252136
101,1042.jpg,U,unconscious_unaware,49,Exp_First,Whole,Experiment,5.619018077850342,Intact,1.0153111219406128
102,1042.jpg,U,unconscious_unaware,118,Exp_Second,Whole,Experiment,3.5205600261688232,Intact,0.15592952072620392
105,1042.jpg,U,unconscious_unaware,89,Exp_Second,Whole,Experiment,2.937995195388794,Intact,0.1019868403673172
116,1042.jpg,U,unconscious_unaware,21,Exp_First,Whole,Experiment,5.255918025970459,Intact,0.5110918879508972
119,1042.jpg,U,unconscious_unaware,387,Extra,Whole,Extra,4.35330867767334,Intact,1.3427366018295288
107,1044.jpg,C,conscious_aware,120,Exp_Second,Whole,Experiment,2.465139865875244,Intact,1.6781032085418701
111,1044.jpg,C,conscious_aware,21,Exp_First,Whole,Experiment,3.1869149208068848,Intact,4.335145473480225
115,1044.jpg,C,conscious_aware,15,Exp_First,Whole,Experiment,-0.169484481215477,Intact,2.10213041305542
102,1044.jpg,U,unconscious_unaware,349,Extra,Whole,Extra,5.801173210144043,Intact,0.6027764678001404
102,1044.jpg,U,unconscious_unaware,42,Exp_First,Whole,Experiment,4.18675422668457,Intact,1.930815577507019
105,1044.jpg,U,unconscious_unaware,322,Extra,Whole,Extra,2.18415904045105,Intact,6.486094951629639
113,1044.jpg,U,unconscious_unaware,17,Exp_First,Whole,Experiment,3.7881577014923096,Intact,2.0039222240448
113,1044.jpg,U,unconscious_unaware,327,Extra,Whole,Extra,,Intact,0.022923965007066727
107,1046.jpg,C,conscious_aware,3,Exp_First,Whole,Experiment,2.3496274948120117,Intact,1.4885618686676025
108,1046.jpg,C,conscious_aware,12,Exp_First,Whole,Experiment,0.12333988398313522,Intact,-0.17627395689487457
115,1046.jpg,C,conscious_aware,111,Exp_Second,Whole,Experiment,1.0886672735214233,Intact,1.7666913270950317
116,1046.jpg,C,conscious_aware,38,Exp_First,Whole,Experiment,0.46233949065208435,Intact,0.9775885343551636
108,1046.jpg,U,unconscious_aware,408,Extra,Whole,Extra,1.9372342824935913,Intact,0.03453214839100838
119,1046.jpg,U,unconscious_aware,402,Extra,Whole,Extra,3.7420172691345215,Intact,1.674794316291809
101,1046.jpg,U,unconscious_unaware,5,Exp_First,Whole,Experiment,1.9727531671524048,Intact,1.6449717283248901
103,1046.jpg,U,unconscious_unaware,14,Exp_First,Whole,Experiment,2.20575213432312,Intact,2.0833024978637695
105,1046.jpg,U,unconscious_unaware,384,Extra,Whole,Extra,0.5803769826889038,Intact,3.003453493118286
113,1046.jpg,U,unconscious_unaware,355,Extra,Whole,Extra,1.304341197013855,Intact,1.1023989915847778
114,1046.jpg,U,unconscious_unaware,41,Exp_First,Whole,Experiment,,Intact,1.2707538604736328
119,1046.jpg,U,unconscious_unaware,5,Exp_First,Whole,Experiment,0.6588842868804932,Intact,3.34604811668396
101,1048.jpg,C,conscious_aware,84,Exp_Second,Whole,Experiment,4.109253406524658,Intact,3.757845163345337
103,1048.jpg,C,conscious_aware,27,Exp_First,Whole,Experiment,6.218786239624023,Intact,5.9151387214660645
107,1048.jpg,C,conscious_aware,60,Exp_First,Whole,Experiment,4.108499526977539,Intact,4.1853718757629395
115,1048.jpg,C,conscious_aware,90,Exp_Second,Whole,Experiment,6.594573974609375,Intact,0.17881187796592712
101,1048.jpg,U,unconscious_aware,431,Extra,Whole,Extra,6.52555513381958,Intact,7.729454040527344
108,1048.jpg,U,unconscious_aware,447,Extra,Whole,Extra,6.422963619232178,Intact,7.080254554748535
117,1048.jpg,U,unconscious_aware,119,Exp_Second,Whole,Experiment,7.97661018371582,Intact,3.653707265853882
102,1048.jpg,U,unconscious_unaware,49,Exp_First,Whole,Experiment,8.64960765838623,Intact,0.5163454413414001
105,1048.jpg,U,unconscious_unaware,118,Exp_Second,Whole,Experiment,7.313101768493652,Intact,0.9569360613822937
113,1048.jpg,U,unconscious_unaware,394,Extra,Whole,Extra,5.710033893585205,Intact,4.773197650909424
115,1048.jpg,U,unconscious_unaware,428,Extra,Whole,Extra,1.2821931838989258,Intact,0.03316669911146164
116,1048.jpg,U,unconscious_unaware,18,Exp_First,Whole,Experiment,4.070084095001221,Intact,2.3310294151306152
103,1051.jpg,C,conscious_aware,22,Exp_First,Whole,Experiment,4.870572566986084,Intact,4.6587677001953125
111,1051.jpg,C,conscious_aware,117,Exp_Second,Whole,Experiment,4.4026288986206055,Intact,2.2220098972320557
115,1051.jpg,C,conscious_aware,17,Exp_First,Whole,Experiment,1.158168911933899,Intact,-0.2412436306476593
116,1051.jpg,C,conscious_aware,21,Exp_First,Whole,Experiment,2.0424180030822754,Intact,2.6992053985595703
117,1051.jpg,C,conscious_aware,116,Exp_Second,Whole,Experiment,3.539273738861084,Intact,2.436892509460449
108,1051.jpg,U,unconscious_aware,11,Exp_First,Whole,Experiment,5.307375431060791,Intact,0.005729705095291138
108,1051.jpg,U,unconscious_aware,442,Extra,Whole,Extra,6.247071266174316,Intact,3.6636927127838135
101,1051.jpg,U,unconscious_unaware,20,Exp_First,Whole,Experiment,4.880611896514893,Intact,3.3666694164276123
102,1051.jpg,U,unconscious_unaware,9,Exp_First,Whole,Experiment,6.19287109375,Intact,-0.18891558051109314
119,1051.jpg,U,unconscious_unaware,7,Exp_First,Whole,Experiment,3.711292266845703,Intact,1.5497339963912964
102,1052.jpg,C,conscious_aware,66,Exp_First,Whole,Experiment,2.8792877197265625,Intact,1.0889357328414917
103,1052.jpg,C,conscious_aware,67,Exp_First,Whole,Experiment,2.9244801998138428,Intact,3.428208351135254
107,1052.jpg,C,conscious_aware,33,Exp_First,Whole,Experiment,1.8473752737045288,Intact,0.9472416043281555
111,1052.jpg,C,conscious_aware,131,Exp_Second,Whole,Experiment,0.36906132102012634,Intact,0.4223177134990692
116,1052.jpg,C,conscious_aware,29,Exp_First,Whole,Experiment,1.746701955795288,Intact,1.1872000694274902
108,1052.jpg,U,unconscious_aware,97,Exp_Second,Whole,Experiment,1.8318977355957031,Intact,4.994837760925293
119,1052.jpg,U,unconscious_aware,94,Exp_Second,Whole,Experiment,,Intact,2.305093765258789
101,1052.jpg,U,unconscious_unaware,63,Exp_First,Whole,Experiment,3.166825771331787,Intact,1.2108265161514282
105,1052.jpg,U,unconscious_unaware,98,Exp_Second,Whole,Experiment,1.7774978876113892,Intact,-0.10324905067682266
115,1052.jpg,U,unconscious_unaware,66,Exp_First,Whole,Experiment,0.9888344407081604,Intact,0.6295195817947388
116,1052.jpg,U,unconscious_unaware,432,Extra,Whole,Extra,0.7023041844367981,Intact,2.0827064514160156
101,1059.jpg,C,conscious_aware,30,Exp_First,Whole,Experiment,3.170766592025757,Intact,1.4870977401733398
102,1059.jpg,C,conscious_aware,61,Exp_First,Whole,Experiment,5.3366875648498535,Intact,3.1904101371765137
115,1059.jpg,C,conscious_aware,63,Exp_First,Whole,Experiment,0.8633204102516174,Intact,0.2326188087463379
116,1059.jpg,C,conscious_aware,8,Exp_First,Whole,Experiment,2.051119565963745,Intact,2.0288848876953125
108,1059.jpg,U,unconscious_aware,91,Exp_Second,Whole,Experiment,4.167523384094238,Intact,1.471702218055725
117,1059.jpg,U,unconscious_aware,432,Extra,Whole,Extra,5.420487403869629,Intact,0.9512954950332642
101,1059.jpg,U,unconscious_unaware,332,Extra,Whole,Extra,4.30051851272583,Intact,2.050394296646118
103,1059.jpg,U,unconscious_unaware,89,Exp_Second,Whole,Experiment,0.507151186466217,Intact,2.7864747047424316
105,1059.jpg,U,unconscious_unaware,132,Exp_Second,Whole,Experiment,4.661564826965332,Intact,0.43159568309783936
115,1059.jpg,U,unconscious_unaware,326,Extra,Whole,Extra,1.1340501308441162,Intact,0.8241373300552368
116,1059.jpg,U,unconscious_unaware,327,Extra,Whole,Extra,4.678030967712402,Intact,2.1016364097595215
117,1059.jpg,U,unconscious_unaware,54,Exp_First,Whole,Experiment,2.129380464553833,Intact,1.2230384349822998
101,1061.jpg,C,conscious_aware,97,Exp_Second,Whole,Experiment,4.309626579284668,Intact,6.020147323608398
111,1061.jpg,C,conscious_aware,28,Exp_First,Whole,Experiment,5.973572254180908,Intact,7.3310723304748535
116,1061.jpg,C,conscious_aware,27,Exp_First,Whole,Experiment,5.295279026031494,Intact,3.6550302505493164
117,1061.jpg,C,conscious_aware,92,Exp_Second,Whole,Experiment,4.240825653076172,Intact,0.024689022451639175
108,1061.jpg,U,unconscious_aware,132,Exp_Second,Whole,Experiment,5.112548828125,Intact,-0.2503143548965454
108,1061.jpg,U,unconscious_aware,363,Extra,Whole,Extra,5.453371047973633,Intact,1.255926251411438
119,1061.jpg,U,unconscious_aware,431,Extra,Whole,Extra,6.043344497680664,Intact,2.1149656772613525
102,1061.jpg,U,unconscious_unaware,24,Exp_First,Whole,Experiment,4.522414684295654,Intact,1.1294697523117065
102,1061.jpg,U,unconscious_unaware,327,Extra,Whole,Extra,2.2624011039733887,Intact,1.9164143800735474
105,1061.jpg,U,unconscious_unaware,133,Exp_Second,Whole,Experiment,4.111281871795654,Intact,1.0819309949874878
115,1061.jpg,U,unconscious_unaware,125,Exp_Second,Whole,Experiment,0.8053438663482666,Intact,0.9221910238265991
115,1061.jpg,U,unconscious_unaware,404,Extra,Whole,Extra,2.640244960784912,Intact,3.284755229949951
103,1063.jpg,C,conscious_aware,20,Exp_First,Whole,Experiment,1.28751540184021,Intact,2.056562900543213
105,1063.jpg,C,conscious_aware,17,Exp_First,Whole,Experiment,4.288938522338867,Intact,6.290484428405762
108,1063.jpg,C,conscious_aware,116,Exp_Second,Whole,Experiment,4.760140419006348,Intact,0.994389533996582
113,1063.jpg,C,conscious_aware,113,Exp_Second,Whole,Experiment,4.873245716094971,Intact,0.9738075733184814
116,1063.jpg,C,conscious_aware,41,Exp_First,Whole,Experiment,4.1115403175354,Intact,2.2833991050720215
101,1063.jpg,U,unconscious_unaware,376,Extra,Whole,Extra,7.269168853759766,Intact,4.4550957679748535
114,1063.jpg,U,unconscious_unaware,52,Exp_Second,Whole,Experiment,,Intact,0.2410169094800949
115,1063.jpg,U,unconscious_unaware,115,Exp_Second,Whole,Experiment,6.201011657714844,Intact,-0.1175277829170227
107,1070.jpg,C,conscious_aware,79,Exp_Second,Whole,Experiment,6.805147171020508,Intact,7.633971691131592
108,1070.jpg,C,conscious_aware,1,Exp_First,Whole,Experiment,4.479161262512207,Intact,6.672911167144775
113,1070.jpg,C,conscious_aware,97,Exp_Second,Whole,Experiment,8.177828788757324,Intact,-0.18213169276714325
115,1070.jpg,C,conscious_aware,9,Exp_First,Whole,Experiment,6.113743305206299,Intact,-0.18213170766830444
117,1070.jpg,C,conscious_aware,56,Exp_First,Whole,Experiment,7.271986961364746,Intact,-0.18212604522705078
102,1070.jpg,U,unconscious_unaware,129,Exp_Second,Whole,Experiment,3.9131555557250977,Intact,0.9448144435882568
105,1070.jpg,U,unconscious_unaware,97,Exp_Second,Whole,Experiment,,Intact,-0.048366814851760864
116,1070.jpg,U,unconscious_unaware,362,Extra,Whole,Extra,0.4480847418308258,Intact,1.3584940433502197
116,1070.jpg,U,unconscious_unaware,61,Exp_First,Whole,Experiment,3.4002692699432373,Intact,-0.24217870831489563
101,1073.jpg,C,conscious_aware,75,Exp_Second,Whole,Experiment,5.157567024230957,Intact,9.056169509887695
103,1073.jpg,C,conscious_aware,73,Exp_Second,Whole,Experiment,4.232020378112793,Intact,7.731600761413574
105,1073.jpg,C,conscious_aware,20,Exp_First,Whole,Experiment,5.8510894775390625,Intact,7.7327728271484375
108,1073.jpg,C,conscious_aware,81,Exp_Second,Whole,Experiment,2.2566630840301514,Intact,4.335872173309326
115,1073.jpg,C,conscious_aware,49,Exp_First,Whole,Experiment,0.29027071595191956,Intact,0.2040484994649887
119,1073.jpg,C,conscious_aware,45,Exp_First,Whole,Experiment,6.200050354003906,Intact,7.168420791625977
102,1073.jpg,U,unconscious_unaware,78,Exp_Second,Whole,Experiment,2.1271719932556152,Intact,0.9092677235603333
105,1073.jpg,U,unconscious_unaware,377,Extra,Whole,Extra,4.467035293579102,Intact,3.5635759830474854
116,1073.jpg,U,unconscious_unaware,405,Extra,Whole,Extra,4.371179580688477,Intact,3.208775281906128
117,1073.jpg,U,unconscious_unaware,35,Exp_First,Whole,Experiment,4.775261402130127,Intact,0.9970573782920837
102,1075.jpg,C,conscious_aware,133,Exp_Second,Whole,Experiment,2.870480537414551,Intact,1.332807183265686
107,1075.jpg,C,conscious_aware,97,Exp_Second,Whole,Experiment,1.5733686685562134,Intact,1.3191107511520386
108,1075.jpg,C,conscious_aware,52,Exp_First,Whole,Experiment,3.1063172817230225,Intact,-0.10177543759346008
111,1075.jpg,C,conscious_aware,27,Exp_First,Whole,Experiment,2.0127899646759033,Intact,3.6103336811065674
114,1075.jpg,C,conscious_aware,53,Exp_First,Whole,Experiment,,Intact,0.16718851029872894
115,1075.jpg,C,conscious_aware,46,Exp_First,Whole,Experiment,0.5353507399559021,Intact,1.1718780994415283
119,1075.jpg,U,unconscious_aware,398,Extra,Whole,Extra,2.026078462600708,Intact,1.4767578840255737
119,1075.jpg,U,unconscious_aware,99,Exp_Second,Whole,Experiment,3.1074109077453613,Intact,0.7637712955474854
101,1075.jpg,U,unconscious_unaware,398,Extra,Whole,Extra,2.562666654586792,Intact,1.969258189201355
101,1075.jpg,U,unconscious_unaware,98,Exp_Second,Whole,Experiment,2.4782421588897705,Intact,2.9917025566101074
103,1075.jpg,U,unconscious_unaware,62,Exp_First,Whole,Experiment,0.9646129608154297,Intact,2.2255470752716064
113,1075.jpg,U,unconscious_unaware,92,Exp_Second,Whole,Experiment,1.3830530643463135,Intact,2.624890089035034
115,1075.jpg,U,unconscious_unaware,363,Extra,Whole,Extra,1.8046016693115234,Intact,0.8200901746749878
116,1075.jpg,U,unconscious_unaware,364,Extra,Whole,Extra,1.2355754375457764,Intact,2.4243335723876953
116,1075.jpg,U,unconscious_unaware,56,Exp_First,Whole,Experiment,-0.07904838770627975,Intact,1.5185582637786865
101,1076.jpg,C,conscious_aware,80,Exp_Second,Whole,Experiment,,Intact,2.5759096145629883
102,1076.jpg,C,conscious_aware,9,Exp_First,Whole,Experiment,0.9826990365982056,Intact,1.6046483516693115
105,1076.jpg,C,conscious_aware,108,Exp_Second,Whole,Experiment,0.45201364159584045,Intact,2.27836537361145
107,1076.jpg,C,conscious_aware,91,Exp_Second,Whole,Experiment,0.07557334750890732,Intact,3.478618860244751
115,1076.jpg,C,conscious_aware,91,Exp_Second,Whole,Experiment,-0.04450222849845886,Intact,4.71063756942749
101,1076.jpg,U,unconscious_aware,421,Extra,Whole,Extra,3.702888250350952,Intact,2.0985748767852783
108,1076.jpg,U,unconscious_aware,117,Exp_Second,Whole,Experiment,0.9245964288711548,Intact,2.013936996459961
108,1076.jpg,U,unconscious_aware,384,Extra,Whole,Extra,1.425289273262024,Intact,7.20815372467041
102,1076.jpg,U,unconscious_unaware,360,Extra,Whole,Extra,2.331068277359009,Intact,3.456230878829956
103,1076.jpg,U,unconscious_unaware,12,Exp_First,Whole,Experiment,1.2600836753845215,Intact,3.9726436138153076
116,1076.jpg,U,unconscious_unaware,425,Extra,Whole,Extra,3.5879242420196533,Intact,1.0499849319458008
102,1082.jpg,C,conscious_aware,112,Exp_Second,Whole,Experiment,0.16556668281555176,Intact,0.4749084413051605
111,1082.jpg,C,conscious_aware,79,Exp_Second,Whole,Experiment,,Intact,5.621358871459961
115,1082.jpg,C,conscious_aware,34,Exp_First,Whole,Experiment,0.16887646913528442,Intact,1.6076500415802002
103,1082.jpg,U,unconscious_aware,446,Extra,Whole,Extra,2.902519702911377,Intact,2.9399335384368896
103,1082.jpg,U,unconscious_aware,48,Exp_First,Whole,Experiment,3.3393712043762207,Intact,3.8403067588806152
108,1082.jpg,U,unconscious_aware,74,Exp_Second,Whole,Experiment,4.005451202392578,Intact,1.6734904050827026
115,1082.jpg,U,unconscious_aware,413,Extra,Whole,Extra,3.4242050647735596,Intact,-0.2314562201499939
105,1082.jpg,U,unconscious_unaware,413,Extra,Whole,Extra,5.081364154815674,Intact,1.2336971759796143
114,1082.jpg,U,unconscious_unaware,47,Exp_First,Whole,Experiment,1.932939887046814,Intact,2.490623712539673
116,1082.jpg,U,unconscious_unaware,45,Exp_First,Whole,Experiment,1.5290117263793945,Intact,-0.02731463499367237
107,1085.jpg,C,conscious_aware,45,Exp_First,Whole,Experiment,-0.023503422737121582,Intact,-0.1923002451658249
116,1085.jpg,C,conscious_aware,104,Exp_Second,Whole,Experiment,-0.026117054745554924,Intact,-0.051320772618055344
117,1085.jpg,C,conscious_aware,39,Exp_First,Whole,Experiment,,Intact,0.13652478158473969
101,1085.jpg,U,unconscious_unaware,318,Extra,Whole,Extra,4.712437152862549,Intact,2.0896542072296143
101,1085.jpg,U,unconscious_unaware,36,Exp_First,Whole,Experiment,4.727455139160156,Intact,0.12004218995571136
102,1085.jpg,U,unconscious_unaware,46,Exp_First,Whole,Experiment,3.8310770988464355,Intact,0.17556604743003845
105,1085.jpg,U,unconscious_unaware,311,Extra,Whole,Extra,5.781018257141113,Intact,-0.10083640366792679
114,1085.jpg,U,unconscious_unaware,309,Extra,Whole,Extra,,Intact,1.3407986164093018
115,1085.jpg,U,unconscious_unaware,44,Exp_First,Whole,Experiment,9.663290023803711,Intact,3.0014405250549316
102,1090.jpg,C,conscious_aware,81,Exp_Second,Whole,Experiment,1.0944015979766846,Intact,2.007155179977417
115,1090.jpg,C,conscious_aware,29,Exp_First,Whole,Experiment,0.641555905342102,Intact,2.5716392993927
116,1090.jpg,C,conscious_aware,129,Exp_Second,Whole,Experiment,0.353863388299942,Intact,-0.21773922443389893
103,1090.jpg,U,unconscious_aware,93,Exp_Second,Whole,Experiment,0.5979846715927124,Intact,1.6878929138183594
108,1090.jpg,U,unconscious_aware,127,Exp_Second,Whole,Experiment,3.730738639831543,Intact,1.672010064125061
117,1090.jpg,U,unconscious_aware,428,Extra,Whole,Extra,5.38487434387207,Intact,4.520854473114014
119,1090.jpg,U,unconscious_aware,119,Exp_Second,Whole,Experiment,,Intact,-0.24674344062805176
119,1090.jpg,U,unconscious_aware,425,Extra,Whole,Extra,2.7774319648742676,Intact,-0.24674344062805176
105,1090.jpg,U,unconscious_unaware,60,Exp_First,Whole,Experiment,4.866445064544678,Intact,1.4145821332931519
113,1090.jpg,U,unconscious_unaware,363,Extra,Whole,Extra,4.561633110046387,Intact,-0.11749681085348129
117,1090.jpg,U,unconscious_unaware,91,Exp_Second,Whole,Experiment,,Intact,-0.24674344062805176
103,1103.jpg,C,conscious_aware,92,Exp_Second,Whole,Experiment,4.044605255126953,Intact,2.5639421939849854
107,1103.jpg,C,conscious_aware,5,Exp_First,Whole,Experiment,6.074275970458984,Intact,-0.19453872740268707
115,1103.jpg,C,conscious_aware,104,Exp_Second,Whole,Experiment,2.948876142501831,Intact,-0.19453872740268707
117,1103.jpg,C,conscious_aware,71,Exp_First,Whole,Experiment,6.054336071014404,Intact,-0.05455411970615387
101,1103.jpg,U,unconscious_aware,38,Exp_First,Whole,Experiment,3.0599875450134277,Intact,0.407893568277359
103,1103.jpg,U,unconscious_aware,305,Extra,Whole,Extra,5.3753156661987305,Intact,-0.08738476783037186
119,1103.jpg,U,unconscious_aware,54,Exp_First,Whole,Experiment,3.055097818374634,Intact,-0.27301377058029175
101,1103.jpg,U,unconscious_unaware,316,Extra,Whole,Extra,4.083573818206787,Intact,1.2658003568649292
102,1103.jpg,U,unconscious_unaware,104,Exp_Second,Whole,Experiment,2.9577128887176514,Intact,5.715273857116699
102,1103.jpg,U,unconscious_unaware,325,Extra,Whole,Extra,3.193458080291748,Intact,1.1332803964614868
114,1103.jpg,U,unconscious_unaware,23,Exp_First,Whole,Experiment,,Intact,0.5305283665657043
115,1103.jpg,U,unconscious_unaware,438,Extra,Whole,Extra,0.39160141348838806,Intact,0.2345835417509079
116,1103.jpg,U,unconscious_unaware,107,Exp_Second,Whole,Experiment,-0.2583879828453064,Intact,0.9022425413131714
102,1106.jpg,C,conscious_aware,132,Exp_Second,Whole,Experiment,5.472681522369385,Intact,-0.18473660945892334
103,1106.jpg,C,conscious_aware,33,Exp_First,Whole,Experiment,3.8503689765930176,Intact,6.604999542236328
107,1106.jpg,C,conscious_aware,28,Exp_First,Whole,Experiment,2.314521551132202,Intact,-0.11571107804775238
116,1106.jpg,C,conscious_aware,99,Exp_Second,Whole,Experiment,3.6879405975341797,Intact,1.8339239358901978
117,1106.jpg,C,conscious_aware,65,Exp_First,Whole,Experiment,,Intact,1.2979077100753784
119,1106.jpg,C,conscious_aware,61,Exp_First,Whole,Experiment,,Intact,2.0006046295166016
108,1106.jpg,U,unconscious_aware,29,Exp_First,Whole,Experiment,6.496872901916504,Intact,-0.021294409409165382
117,1106.jpg,U,unconscious_aware,330,Extra,Whole,Extra,-0.19120243191719055,Intact,3.6449391841888428
101,1106.jpg,U,unconscious_unaware,58,Exp_First,Whole,Experiment,7.832649230957031,Intact,1.2590950727462769
102,1106.jpg,U,unconscious_unaware,365,Extra,Whole,Extra,6.691834449768066,Intact,2.772263765335083
105,1106.jpg,U,unconscious_unaware,62,Exp_First,Whole,Experiment,5.10504150390625,Intact,4.710231304168701
113,1106.jpg,U,unconscious_unaware,131,Exp_Second,Whole,Experiment,0.019639519974589348,Intact,1.3993666172027588
116,1106.jpg,U,unconscious_unaware,429,Extra,Whole,Extra,3.1466503143310547,Intact,2.5443832874298096
111,1114.jpg,C,conscious_aware,119,Exp_Second,Whole,Experiment,3.222595453262329,Intact,3.0868966579437256
115,1114.jpg,C,conscious_aware,69,Exp_Second,Whole,Experiment,3.8569629192352295,Intact,1.8737984895706177
119,1114.jpg,C,conscious_aware,89,Exp_Second,Whole,Experiment,3.114915609359741,Intact,2.3069121837615967
117,1114.jpg,U,unconscious_aware,394,Extra,Whole,Extra,,Intact,6.70645809173584
119,1114.jpg,U,unconscious_aware,360,Extra,Whole,Extra,5.681835174560547,Intact,1.0369350910186768
101,1114.jpg,U,unconscious_unaware,321,Extra,Whole,Extra,4.98806095123291,Intact,1.7674102783203125
101,1114.jpg,U,unconscious_unaware,88,Exp_Second,Whole,Experiment,6.081638336181641,Intact,0.5862657427787781
103,1114.jpg,U,unconscious_unaware,327,Extra,Whole,Extra,4.162778377532959,Intact,-0.06538575142621994
116,1114.jpg,U,unconscious_unaware,124,Exp_Second,Whole,Experiment,3.3458926677703857,Intact,-0.17371225357055664
117,1114.jpg,U,unconscious_unaware,14,Exp_First,Whole,Experiment,,Intact,3.2849905490875244
102,1118.jpg,C,conscious_aware,37,Exp_First,Whole,Experiment,1.2933375835418701,Intact,-0.19910849630832672
103,1118.jpg,C,conscious_aware,7,Exp_First,Whole,Experiment,4.766491413116455,Intact,-0.19910849630832672
105,1118.jpg,C,conscious_aware,9,Exp_First,Whole,Experiment,4.244466304779053,Intact,3.522890090942383
107,1118.jpg,C,conscious_aware,37,Exp_First,Whole,Experiment,2.6848039627075195,Intact,5.462559700012207
111,1118.jpg,C,conscious_aware,70,Exp_Second,Whole,Experiment,6.027834415435791,Intact,6.99997091293335
116,1118.jpg,C,conscious_aware,4,Exp_First,Whole,Experiment,3.9486751556396484,Intact,1.0564507246017456
101,1118.jpg,U,unconscious_unaware,340,Extra,Whole,Extra,0.9121996164321899,Intact,1.6707444190979004
102,1118.jpg,U,unconscious_unaware,376,Extra,Whole,Extra,-0.22954197227954865,Intact,0.02480142191052437
105,1118.jpg,U,unconscious_unaware,408,Extra,Whole,Extra,4.156923294067383,Intact,-0.022281084209680557
115,1118.jpg,U,unconscious_unaware,110,Exp_Second,Whole,Experiment,1.9134724140167236,Intact,0.8621848821640015
117,1118.jpg,U,unconscious_unaware,40,Exp_First,Whole,Experiment,,Intact,0.298785537481308
103,1121.jpg,C,conscious_aware,56,Exp_First,Whole,Experiment,2.657175064086914,Intact,3.237321376800537
108,1121.jpg,C,conscious_aware,24,Exp_First,Whole,Experiment,1.6676725149154663,Intact,1.7048262357711792
115,1121.jpg,C,conscious_aware,44,Exp_First,Whole,Experiment,1.1844581365585327,Intact,1.9783574342727661
117,1121.jpg,C,conscious_aware,124,Exp_Second,Whole,Experiment,2.9032697677612305,Intact,1.195499062538147
119,1121.jpg,C,conscious_aware,108,Exp_Second,Whole,Experiment,1.6147541999816895,Intact,1.1472790241241455
105,1121.jpg,U,unconscious_unaware,421,Extra,Whole,Extra,3.7482001781463623,Intact,1.0622873306274414
105,1121.jpg,U,unconscious_unaware,50,Exp_First,Whole,Experiment,4.182054042816162,Intact,1.935976266860962
113,1121.jpg,U,unconscious_unaware,23,Exp_First,Whole,Experiment,3.7336831092834473,Intact,1.8077377080917358
116,1121.jpg,U,unconscious_unaware,398,Extra,Whole,Extra,3.0816426277160645,Intact,3.3551430702209473
116,1121.jpg,U,unconscious_unaware,53,Exp_First,Whole,Experiment,1.7019071578979492,Intact,0.20025888085365295
108,1125.jpg,U,unconscious_aware,437,Extra,Whole,Extra,,Intact,4.3440165519714355
113,1125.jpg,U,unconscious_aware,413,Extra,Whole,Extra,,Intact,-0.1948729306459427
101,1125.jpg,U,unconscious_unaware,322,Extra,Whole,Extra,5.963591575622559,Intact,2.6410841941833496
116,1125.jpg,U,unconscious_unaware,386,Extra,Whole,Extra,3.3969688415527344,Intact,0.26969435811042786
107,1129.jpg,C,conscious_aware,81,Exp_Second,Whole,Experiment,-0.2021043449640274,Intact,0.6168745160102844
115,1129.jpg,C,conscious_aware,81,Exp_Second,Whole,Experiment,-0.19313263893127441,Intact,1.7468626499176025
103,1129.jpg,U,unconscious_aware,315,Extra,Whole,Extra,0.19766971468925476,Intact,0.04400157928466797
108,1129.jpg,U,unconscious_aware,329,Extra,Whole,Extra,2.099429130554199,Intact,2.3550312519073486
117,1129.jpg,U,unconscious_aware,320,Extra,Whole,Extra,4.014549732208252,Intact,0.8538861274719238
102,1129.jpg,U,unconscious_unaware,18,Exp_First,Whole,Experiment,4.296896457672119,Intact,1.767962098121643
105,1129.jpg,U,unconscious_unaware,81,Exp_Second,Whole,Experiment,2.7184500694274902,Intact,-0.18769314885139465
113,1129.jpg,U,unconscious_unaware,100,Exp_Second,Whole,Experiment,3.836836814880371,Intact,2.570099115371704
113,1129.jpg,U,unconscious_unaware,317,Extra,Whole,Extra,0.21328949928283691,Intact,0.6789466142654419
114,1129.jpg,U,unconscious_unaware,360,Extra,Whole,Extra,,Intact,4.9288482666015625
116,1129.jpg,U,unconscious_unaware,126,Exp_Second,Whole,Experiment,2.293059825897217,Intact,0.5241670608520508
116,1129.jpg,U,unconscious_unaware,396,Extra,Whole,Extra,1.6863826513290405,Intact,1.3044490814208984
119,1129.jpg,U,unconscious_unaware,91,Exp_Second,Whole,Experiment,0.08661800622940063,Intact,-0.12321978062391281
102,1130.jpg,C,conscious_aware,96,Exp_Second,Whole,Experiment,4.066072940826416,Intact,0.9058991074562073
107,1130.jpg,C,conscious_aware,131,Exp_Second,Whole,Experiment,3.222344160079956,Intact,4.052450180053711
108,1130.jpg,C,conscious_aware,64,Exp_Second,Whole,Experiment,0.573819100856781,Intact,0.552333414554596
115,1130.jpg,C,conscious_aware,64,Exp_Second,Whole,Experiment,2.1729750633239746,Intact,1.4234638214111328
116,1130.jpg,C,conscious_aware,128,Exp_Second,Whole,Experiment,3.1225383281707764,Intact,1.4596576690673828
117,1130.jpg,C,conscious_aware,63,Exp_First,Whole,Experiment,-0.26533085107803345,Intact,1.7097972631454468
108,1130.jpg,U,unconscious_aware,414,Extra,Whole,Extra,2.616029977798462,Intact,-0.14302568137645721
117,1130.jpg,U,unconscious_aware,318,Extra,Whole,Extra,1.4173104763031006,Intact,2.3524534702301025
103,1130.jpg,U,unconscious_unaware,61,Exp_First,Whole,Experiment,1.5870565176010132,Intact,5.3418707847595215
105,1130.jpg,U,unconscious_unaware,130,Exp_Second,Whole,Experiment,1.8868589401245117,Intact,3.9689266681671143
114,1130.jpg,U,unconscious_unaware,30,Exp_First,Whole,Experiment,,Intact,0.44246721267700195
114,1130.jpg,U,unconscious_unaware,399,Extra,Whole,Extra,0.70503169298172,Intact,0.7972148060798645
101,1135.jpg,C,conscious_aware,130,Exp_Second,Whole,Experiment,7.336097717285156,Intact,-0.19873180985450745
105,1135.jpg,C,conscious_aware,91,Exp_Second,Whole,Experiment,4.290013790130615,Intact,1.6022754907608032
108,1135.jpg,C,conscious_aware,26,Exp_First,Whole,Experiment,2.192704200744629,Intact,0.1344011425971985
113,1135.jpg,C,conscious_aware,30,Exp_First,Whole,Experiment,4.285384654998779,Intact,6.804931163787842
108,1135.jpg,U,unconscious_aware,331,Extra,Whole,Extra,3.7864880561828613,Intact,2.5125114917755127
117,1135.jpg,U,unconscious_aware,90,Exp_Second,Whole,Experiment,,Intact,-0.2610870599746704
102,1135.jpg,U,unconscious_unaware,57,Exp_First,Whole,Experiment,2.3771862983703613,Intact,4.682408809661865
113,1135.jpg,U,unconscious_unaware,364,Extra,Whole,Extra,1.0198850631713867,Intact,3.812269926071167
115,1135.jpg,U,unconscious_unaware,27,Exp_First,Whole,Experiment,1.9294832944869995,Intact,3.5365407466888428
102,1140.jpg,C,conscious_aware,90,Exp_Second,Whole,Experiment,0.7763751149177551,Intact,0.9722737073898315
111,1140.jpg,C,conscious_aware,121,Exp_Second,Whole,Experiment,3.1846752166748047,Intact,2.853327512741089
115,1140.jpg,C,conscious_aware,61,Exp_First,Whole,Experiment,0.2389112263917923,Intact,1.8565409183502197
117,1140.jpg,C,conscious_aware,130,Exp_Second,Whole,Experiment,0.8880854845046997,Intact,0.6321044564247131
102,1140.jpg,U,unconscious_unaware,324,Extra,Whole,Extra,3.001467704772949,Intact,-0.16892309486865997
103,1140.jpg,U,unconscious_unaware,18,Exp_First,Whole,Experiment,2.107628345489502,Intact,2.3761379718780518
105,1140.jpg,U,unconscious_unaware,93,Exp_Second,Whole,Experiment,1.6172317266464233,Intact,0.42005711793899536
113,1140.jpg,U,unconscious_unaware,130,Exp_Second,Whole,Experiment,2.2413766384124756,Intact,4.445805549621582
115,1140.jpg,U,unconscious_unaware,426,Extra,Whole,Extra,2.3074288368225098,Intact,2.123286485671997
116,1140.jpg,U,unconscious_unaware,75,Exp_Second,Whole,Experiment,3.426931381225586,Intact,3.8656351566314697
102,1141.jpg,C,conscious_aware,68,Exp_First,Whole,Experiment,1.3005313873291016,Intact,1.8340483903884888
103,1141.jpg,C,conscious_aware,94,Exp_Second,Whole,Experiment,3.4195563793182373,Intact,4.838197231292725
108,1141.jpg,C,conscious_aware,86,Exp_Second,Whole,Experiment,2.1056320667266846,Intact,-0.248551607131958
116,1141.jpg,C,conscious_aware,62,Exp_First,Whole,Experiment,3.25006365776062,Intact,1.561223030090332
119,1141.jpg,C,conscious_aware,1,Exp_First,Whole,Experiment,,Intact,-0.2485981285572052
101,1141.jpg,U,unconscious_unaware,427,Extra,Whole,Extra,7.089566230773926,Intact,2.4418516159057617
105,1141.jpg,U,unconscious_unaware,57,Exp_First,Whole,Experiment,1.5097893476486206,Intact,0.3517757058143616
113,1141.jpg,U,unconscious_unaware,60,Exp_First,Whole,Experiment,-0.021820971742272377,Intact,0.8560594320297241
103,1145.jpg,C,conscious_aware,99,Exp_Second,Whole,Experiment,-0.1951422244310379,Intact,3.504742383956909
105,1145.jpg,C,conscious_aware,67,Exp_Second,Whole,Experiment,,Intact,4.055813789367676
107,1145.jpg,C,conscious_aware,67,Exp_Second,Whole,Experiment,3.6570513248443604,Intact,4.834952354431152
111,1145.jpg,C,conscious_aware,30,Exp_First,Whole,Experiment,1.4648956060409546,Intact,2.4228484630584717
116,1145.jpg,C,conscious_aware,65,Exp_First,Whole,Experiment,0.930651068687439,Intact,5.026294231414795
108,1145.jpg,U,unconscious_aware,94,Exp_Second,Whole,Experiment,2.186018466949463,Intact,5.274404048919678
117,1145.jpg,U,unconscious_aware,131,Exp_Second,Whole,Experiment,,Intact,3.035569429397583
119,1145.jpg,U,unconscious_aware,427,Extra,Whole,Extra,2.2632088661193848,Intact,1.7541149854660034
119,1145.jpg,U,unconscious_aware,92,Exp_Second,Whole,Experiment,-0.22345656156539917,Intact,0.21636641025543213
101,1145.jpg,U,unconscious_unaware,31,Exp_First,Whole,Experiment,1.1684304475784302,Intact,2.578728199005127
101,1145.jpg,U,unconscious_unaware,329,Extra,Whole,Extra,3.422567367553711,Intact,2.791097640991211
113,1145.jpg,U,unconscious_unaware,96,Exp_Second,Whole,Experiment,3.597216844558716,Intact,0.9033373594284058
102,1149.jpg,C,conscious_aware,69,Exp_Second,Whole,Experiment,-0.18560044467449188,Intact,0.4856955111026764
107,1149.jpg,C,conscious_aware,100,Exp_Second,Whole,Experiment,,Intact,-0.20765264332294464
116,1149.jpg,C,conscious_aware,105,Exp_Second,Whole,Experiment,0.22325968742370605,Intact,2.927670478820801
119,1149.jpg,C,conscious_aware,7,Exp_First,Whole,Experiment,0.1561521291732788,Intact,0.7160454988479614
108,1149.jpg,U,unconscious_aware,111,Exp_Second,Whole,Experiment,-0.22385704517364502,Intact,-0.19023197889328003
108,1149.jpg,U,unconscious_aware,403,Extra,Whole,Extra,0.5008239150047302,Intact,5.248569011688232
117,1149.jpg,U,unconscious_aware,341,Extra,Whole,Extra,,Intact,1.4692882299423218
117,1149.jpg,U,unconscious_aware,70,Exp_Second,Whole,Experiment,0.5549718737602234,Intact,0.39279231429100037
105,1149.jpg,U,unconscious_unaware,338,Extra,Whole,Extra,0.6289247274398804,Intact,-0.09232921153306961
115,1149.jpg,U,unconscious_unaware,13,Exp_First,Whole,Experiment,0.5045101046562195,Intact,0.8455291986465454
101,1154.jpg,C,conscious_aware,14,Exp_First,Whole,Experiment,2.7931251525878906,Intact,3.520189046859741
105,1154.jpg,C,conscious_aware,76,Exp_Second,Whole,Experiment,2.361262798309326,Intact,0.38894015550613403
116,1154.jpg,C,conscious_aware,47,Exp_First,Whole,Experiment,0.7075427174568176,Intact,2.3927388191223145
117,1154.jpg,C,conscious_aware,41,Exp_First,Whole,Experiment,4.805656433105469,Intact,1.2360297441482544
103,1154.jpg,U,unconscious_aware,406,Extra,Whole,Extra,,Intact,1.3148598670959473
108,1154.jpg,U,unconscious_aware,14,Exp_First,Whole,Experiment,3.1296918392181396,Intact,0.33595970273017883
108,1154.jpg,U,unconscious_aware,320,Extra,Whole,Extra,3.839712381362915,Intact,0.02641850709915161
117,1154.jpg,U,unconscious_aware,406,Extra,Whole,Extra,3.7109861373901367,Intact,3.562882423400879
101,1154.jpg,U,unconscious_unaware,369,Extra,Whole,Extra,3.1579530239105225,Intact,1.662970781326294
102,1154.jpg,U,unconscious_unaware,110,Exp_Second,Whole,Experiment,3.392096757888794,Intact,2.036879539489746
103,1154.jpg,U,unconscious_unaware,3,Exp_First,Whole,Experiment,2.320302963256836,Intact,4.394123077392578
105,1154.jpg,U,unconscious_unaware,349,Extra,Whole,Extra,1.4455143213272095,Intact,0.7516319751739502
114,1154.jpg,U,unconscious_unaware,17,Exp_First,Whole,Experiment,,Intact,2.368492603302002
115,1154.jpg,U,unconscious_unaware,70,Exp_First,Whole,Experiment,3.641728162765503,Intact,1.3481807708740234
116,1154.jpg,U,unconscious_unaware,346,Extra,Whole,Extra,0.6363203525543213,Intact,1.4785501956939697
119,1154.jpg,U,unconscious_unaware,391,Extra,Whole,Extra,1.5389257669448853,Intact,0.5283255577087402
101,1157.jpg,C,conscious_aware,92,Exp_Second,Whole,Experiment,3.9191741943359375,Intact,5.14442253112793
115,1157.jpg,C,conscious_aware,126,Exp_Second,Whole,Experiment,1.529610276222229,Intact,2.2747151851654053
116,1157.jpg,C,conscious_aware,66,Exp_First,Whole,Experiment,-0.20404568314552307,Intact,2.6909537315368652
117,1157.jpg,C,conscious_aware,96,Exp_Second,Whole,Experiment,6.181146144866943,Intact,0.4260646104812622
101,1157.jpg,U,unconscious_aware,399,Extra,Whole,Extra,1.5556315183639526,Intact,1.4302865266799927
119,1157.jpg,U,unconscious_aware,33,Exp_First,Whole,Experiment,-0.21797803044319153,Intact,0.7961111068725586
119,1157.jpg,U,unconscious_aware,354,Extra,Whole,Extra,,Intact,4.410375118255615
102,1157.jpg,U,unconscious_unaware,66,Exp_First,Whole,Experiment,2.1572823524475098,Intact,0.42042243480682373
105,1157.jpg,U,unconscious_unaware,65,Exp_First,Whole,Experiment,1.346738338470459,Intact,4.436100482940674
116,1157.jpg,U,unconscious_unaware,391,Extra,Whole,Extra,0.8690630197525024,Intact,1.5004463195800781
102,1159.jpg,C,conscious_aware,50,Exp_First,Whole,Experiment,4.06101131439209,Intact,2.9478518962860107
103,1159.jpg,C,conscious_aware,52,Exp_First,Whole,Experiment,4.262119770050049,Intact,5.652926445007324
105,1159.jpg,C,conscious_aware,48,Exp_First,Whole,Experiment,2.764298677444458,Intact,2.938023567199707
107,1159.jpg,C,conscious_aware,110,Exp_Second,Whole,Experiment,3.3399360179901123,Intact,2.7128257751464844
108,1159.jpg,C,conscious_aware,123,Exp_Second,Whole,Experiment,3.8422904014587402,Intact,2.0630955696105957
115,1159.jpg,C,conscious_aware,20,Exp_First,Whole,Experiment,1.7305006980895996,Intact,3.979452610015869
101,1159.jpg,U,unconscious_aware,14,Exp_First,Whole,Experiment,4.216029167175293,Intact,3.1570048332214355
101,1159.jpg,U,unconscious_aware,418,Extra,Whole,Extra,3.3253936767578125,Intact,1.8633818626403809
108,1159.jpg,U,unconscious_aware,323,Extra,Whole,Extra,1.3169913291931152,Intact,3.177497386932373
117,1159.jpg,U,unconscious_aware,383,Extra,Whole,Extra,2.879263162612915,Intact,1.4361538887023926
119,1159.jpg,U,unconscious_aware,394,Extra,Whole,Extra,3.0024709701538086,Intact,1.2492824792861938
113,1159.jpg,U,unconscious_unaware,26,Exp_First,Whole,Experiment,3.0245654582977295,Intact,3.055338144302368
116,1159.jpg,U,unconscious_unaware,422,Extra,Whole,Extra,4.352197170257568,Intact,5.633509635925293
116,1159.jpg,U,unconscious_unaware,48,Exp_First,Whole,Experiment,3.5884242057800293,Intact,0.9201784133911133
117,1159.jpg,U,unconscious_unaware,79,Exp_Second,Whole,Experiment,,Intact,1.5059642791748047
101,1165.jpg,C,conscious_aware,90,Exp_Second,Whole,Experiment,2.595881223678589,Intact,4.776520729064941
103,1165.jpg,C,conscious_aware,132,Exp_Second,Whole,Experiment,0.45952075719833374,Intact,2.8509292602539062
107,1165.jpg,C,conscious_aware,123,Exp_Second,Whole,Experiment,1.3196876049041748,Intact,3.471130847930908
108,1165.jpg,C,conscious_aware,20,Exp_First,Whole,Experiment,2.015921115875244,Intact,4.079809665679932
117,1165.jpg,C,conscious_aware,94,Exp_Second,Whole,Experiment,6.3976898193359375,Intact,1.597200632095337
101,1165.jpg,U,unconscious_unaware,327,Extra,Whole,Extra,3.190718173980713,Intact,1.5714870691299438
102,1165.jpg,U,unconscious_unaware,318,Extra,Whole,Extra,2.3853936195373535,Intact,7.568624019622803
102,1165.jpg,U,unconscious_unaware,95,Exp_Second,Whole,Experiment,1.718908429145813,Intact,5.447794437408447
113,1165.jpg,U,unconscious_unaware,391,Extra,Whole,Extra,3.074636936187744,Intact,3.9234237670898438
113,1165.jpg,U,unconscious_unaware,88,Exp_Second,Whole,Experiment,0.820331871509552,Intact,4.357577800750732
115,1165.jpg,U,unconscious_unaware,92,Exp_Second,Whole,Experiment,0.517032265663147,Intact,2.259066343307495
116,1165.jpg,U,unconscious_unaware,88,Exp_Second,Whole,Experiment,1.6610803604125977,Intact,4.214987754821777
103,1170.jpg,C,conscious_aware,130,Exp_Second,Whole,Experiment,0.7859317064285278,Intact,6.314805507659912
113,1170.jpg,C,conscious_aware,91,Exp_Second,Whole,Experiment,,Intact,4.154449462890625
108,1170.jpg,U,unconscious_aware,130,Exp_Second,Whole,Experiment,1.6682707071304321,Intact,3.920179843902588
108,1170.jpg,U,unconscious_aware,392,Extra,Whole,Extra,0.8867484927177429,Intact,3.763169527053833
102,1170.jpg,U,unconscious_unaware,396,Extra,Whole,Extra,2.5157012939453125,Intact,8.164908409118652
105,1170.jpg,U,unconscious_unaware,27,Exp_First,Whole,Experiment,4.76496696472168,Intact,6.7065935134887695
115,1170.jpg,U,unconscious_unaware,429,Extra,Whole,Extra,3.16549015045166,Intact,-0.07739688456058502
116,1170.jpg,U,unconscious_unaware,57,Exp_First,Whole,Experiment,0.14892718195915222,Intact,2.121335506439209
117,1170.jpg,U,unconscious_unaware,63,Exp_First,Whole,Experiment,,Intact,3.8713977336883545
102,1180.jpg,C,conscious_aware,22,Exp_First,Whole,Experiment,3.8510115146636963,Intact,0.14903895556926727
103,1180.jpg,C,conscious_aware,38,Exp_First,Whole,Experiment,3.6651580333709717,Intact,9.135821342468262
116,1180.jpg,C,conscious_aware,120,Exp_Second,Whole,Experiment,4.6538543701171875,Intact,2.1938087940216064
108,1180.jpg,U,unconscious_aware,20,Exp_First,Whole,Experiment,2.6034975051879883,Intact,0.8533951044082642
119,1180.jpg,U,unconscious_aware,305,Extra,Whole,Extra,,Intact,-0.18296581506729126
102,1180.jpg,U,unconscious_unaware,346,Extra,Whole,Extra,3.03802490234375,Intact,1.8634788990020752
105,1180.jpg,U,unconscious_unaware,4,Exp_First,Whole,Experiment,0.7483556270599365,Intact,3.4758408069610596
105,1180.jpg,U,unconscious_unaware,418,Extra,Whole,Extra,4.965681552886963,Intact,0.07323309779167175
115,1180.jpg,U,unconscious_unaware,375,Extra,Whole,Extra,1.7787326574325562,Intact,5.231076240539551
117,1180.jpg,U,unconscious_unaware,106,Exp_Second,Whole,Experiment,,Intact,0.2280145287513733
101,1182.jpg,C,conscious_aware,89,Exp_Second,Whole,Experiment,3.258831739425659,Intact,3.1237852573394775
108,1182.jpg,C,conscious_aware,91,Exp_Second,Whole,Experiment,1.9226078987121582,Intact,1.9353965520858765
115,1182.jpg,C,conscious_aware,84,Exp_Second,Whole,Experiment,2.493785858154297,Intact,0.9084649682044983
116,1182.jpg,C,conscious_aware,56,Exp_First,Whole,Experiment,3.3489933013916016,Intact,-0.15651722252368927
103,1182.jpg,U,unconscious_aware,410,Extra,Whole,Extra,1.9733507633209229,Intact,2.505988121032715
119,1182.jpg,U,unconscious_aware,324,Extra,Whole,Extra,-0.3114151060581207,Intact,-0.07106555253267288
101,1182.jpg,U,unconscious_unaware,379,Extra,Whole,Extra,5.398480415344238,Intact,1.4845744371414185
102,1182.jpg,U,unconscious_unaware,10,Exp_First,Whole,Experiment,2.212498426437378,Intact,4.343441963195801
102,1182.jpg,U,unconscious_unaware,338,Extra,Whole,Extra,0.8132550716400146,Intact,1.9246702194213867
113,1182.jpg,U,unconscious_unaware,323,Extra,Whole,Extra,1.6232236623764038,Intact,2.0216057300567627
103,1189.jpg,C,conscious_aware,26,Exp_First,Whole,Experiment,1.7041261196136475,Intact,3.4334144592285156
113,1189.jpg,C,conscious_aware,64,Exp_First,Whole,Experiment,1.6725139617919922,Intact,0.22663500905036926
115,1189.jpg,C,conscious_aware,28,Exp_First,Whole,Experiment,0.5761403441429138,Intact,4.361814498901367
116,1189.jpg,C,conscious_aware,34,Exp_First,Whole,Experiment,,Intact,-0.2593814730644226
103,1189.jpg,U,unconscious_aware,427,Extra,Whole,Extra,,Intact,-0.098662830889225
114,1189.jpg,U,unconscious_aware,58,Exp_Second,Whole,Experiment,4.132129669189453,Intact,0.39653491973876953
119,1189.jpg,U,unconscious_aware,452,Extra,Whole,Extra,-0.16149090230464935,Intact,-0.16854897141456604
101,1189.jpg,U,unconscious_unaware,28,Exp_First,Whole,Experiment,8.117033004760742,Intact,0.06623310595750809
102,1189.jpg,U,unconscious_unaware,87,Exp_Second,Whole,Experiment,3.6899895668029785,Intact,1.8688371181488037
105,1189.jpg,U,unconscious_unaware,36,Exp_First,Whole,Experiment,6.851916313171387,Intact,0.641069769859314
116,1189.jpg,U,unconscious_unaware,431,Extra,Whole,Extra,8.759603500366211,Intact,3.1721537113189697
119,1189.jpg,U,unconscious_unaware,1,Exp_First,Whole,Experiment,10.6261568069458,Intact,-0.13649533689022064
115,1194.jpg,C,conscious_aware,56,Exp_First,Whole,Experiment,-0.20466110110282898,Intact,0.44220903515815735
116,1194.jpg,C,conscious_aware,127,Exp_Second,Whole,Experiment,4.469990253448486,Intact,-0.0004690598289016634
119,1194.jpg,C,conscious_aware,85,Exp_Second,Whole,Experiment,1.7885388135910034,Intact,-0.2046390324831009
103,1194.jpg,U,unconscious_aware,424,Extra,Whole,Extra,-0.25051629543304443,Intact,0.5128745436668396
108,1194.jpg,U,unconscious_aware,58,Exp_First,Whole,Experiment,5.031335830688477,Intact,-0.2710617482662201
117,1194.jpg,U,unconscious_aware,124,Exp_Second,Whole,Experiment,1.849328875541687,Intact,0.7150743007659912
102,1194.jpg,U,unconscious_unaware,88,Exp_Second,Whole,Experiment,2.416738986968994,Intact,-0.2574969232082367
115,1194.jpg,U,unconscious_unaware,356,Extra,Whole,Extra,5.151358604431152,Intact,0.45374828577041626
101,1201.jpg,U,unconscious_unaware,308,Extra,Whole,Extra,0.08500123023986816,Intact,1.9566365480422974
115,1201.jpg,U,unconscious_unaware,343,Extra,Whole,Extra,-0.044866893440485,Intact,1.7635692358016968
102,1202.jpg,C,conscious_aware,15,Exp_First,Whole,Experiment,4.302032470703125,Intact,0.03876584768295288
103,1202.jpg,C,conscious_aware,8,Exp_First,Whole,Experiment,2.0190958976745605,Intact,5.46931266784668
111,1202.jpg,C,conscious_aware,77,Exp_Second,Whole,Experiment,-0.14623531699180603,Intact,2.5132570266723633
115,1202.jpg,C,conscious_aware,6,Exp_First,Whole,Experiment,2.076035261154175,Intact,1.1533435583114624
116,1202.jpg,C,conscious_aware,44,Exp_First,Whole,Experiment,,Intact,1.2188249826431274
108,1202.jpg,U,unconscious_aware,49,Exp_First,Whole,Experiment,3.4147531986236572,Intact,7.789534568786621
117,1202.jpg,U,unconscious_aware,408,Extra,Whole,Extra,,Intact,0.6879898905754089
102,1202.jpg,U,unconscious_unaware,385,Extra,Whole,Extra,3.5246150493621826,Intact,2.341114044189453
105,1202.jpg,U,unconscious_unaware,101,Exp_Second,Whole,Experiment,7.020223140716553,Intact,1.5034985542297363
113,1202.jpg,U,unconscious_unaware,416,Extra,Whole,Extra,3.013659954071045,Intact,5.278359413146973
116,1202.jpg,U,unconscious_unaware,411,Extra,Whole,Extra,3.2666094303131104,Intact,3.0162136554718018
102,1207.jpg,C,conscious_aware,130,Exp_Second,Whole,Experiment,2.3495802879333496,Intact,0.8484194278717041
115,1207.jpg,C,conscious_aware,132,Exp_Second,Whole,Experiment,1.7817072868347168,Intact,-0.013981951400637627
119,1207.jpg,C,conscious_aware,92,Exp_Second,Whole,Experiment,1.6202939748764038,Intact,1.1417479515075684
101,1207.jpg,U,unconscious_unaware,66,Exp_Second,Whole,Experiment,1.8972902297973633,Intact,0.1371171474456787
105,1207.jpg,U,unconscious_unaware,131,Exp_Second,Whole,Experiment,4.2801899909973145,Intact,6.985605239868164
105,1207.jpg,U,unconscious_unaware,429,Extra,Whole,Extra,,Intact,5.365840435028076
116,1207.jpg,U,unconscious_unaware,98,Exp_Second,Whole,Experiment,2.3760077953338623,Intact,0.5899577736854553
117,1207.jpg,U,unconscious_unaware,97,Exp_Second,Whole,Experiment,,Intact,4.708168029785156
101,1215.jpg,C,conscious_aware,31,Exp_First,Whole,Experiment,5.806536674499512,Intact,6.1863813400268555
102,1215.jpg,C,conscious_aware,64,Exp_First,Whole,Experiment,8.583634376525879,Intact,4.402182102203369
103,1215.jpg,C,conscious_aware,128,Exp_Second,Whole,Experiment,7.6647820472717285,Intact,3.76448655128479
111,1215.jpg,C,conscious_aware,58,Exp_First,Whole,Experiment,6.865146160125732,Intact,3.182260274887085
115,1215.jpg,C,conscious_aware,60,Exp_First,Whole,Experiment,0.15145869553089142,Intact,0.6971135139465332
119,1215.jpg,C,conscious_aware,131,Exp_Second,Whole,Experiment,8.053903579711914,Intact,6.799508094787598
102,1215.jpg,U,unconscious_unaware,328,Extra,Whole,Extra,3.8641579151153564,Intact,0.42273494601249695
105,1215.jpg,U,unconscious_unaware,391,Extra,Whole,Extra,3.9915754795074463,Intact,6.8359270095825195
105,1215.jpg,U,unconscious_unaware,94,Exp_Second,Whole,Experiment,8.895864486694336,Intact,9.667718887329102
113,1215.jpg,U,unconscious_unaware,398,Extra,Whole,Extra,9.586277961730957,Intact,-0.06411447376012802
116,1215.jpg,U,unconscious_unaware,32,Exp_First,Whole,Experiment,6.039865016937256,Intact,1.0920761823654175
102,1222.jpg,C,conscious_aware,91,Exp_Second,Whole,Experiment,5.188234806060791,Intact,3.049642324447632
107,1222.jpg,C,conscious_aware,26,Exp_First,Whole,Experiment,0.3227327764034271,Intact,-0.2299531102180481
111,1222.jpg,C,conscious_aware,124,Exp_Second,Whole,Experiment,1.9378119707107544,Intact,5.739157199859619
115,1222.jpg,C,conscious_aware,11,Exp_First,Whole,Experiment,4.121383190155029,Intact,0.33800655603408813
116,1222.jpg,C,conscious_aware,119,Exp_Second,Whole,Experiment,3.831641435623169,Intact,0.8671313524246216
119,1222.jpg,C,conscious_aware,23,Exp_First,Whole,Experiment,,Intact,0.38172468543052673
108,1222.jpg,U,unconscious_aware,19,Exp_First,Whole,Experiment,3.8266520500183105,Intact,4.641196250915527
117,1222.jpg,U,unconscious_aware,121,Exp_Second,Whole,Experiment,,Intact,-0.03805234283208847
117,1222.jpg,U,unconscious_aware,446,Extra,Whole,Extra,,Intact,1.724452018737793
101,1222.jpg,U,unconscious_unaware,122,Exp_Second,Whole,Experiment,2.1119821071624756,Intact,0.9575816988945007
103,1222.jpg,U,unconscious_unaware,28,Exp_First,Whole,Experiment,4.132508754730225,Intact,-0.0727308988571167
113,1222.jpg,U,unconscious_unaware,115,Exp_Second,Whole,Experiment,2.8324015140533447,Intact,4.1053385734558105
113,1222.jpg,U,unconscious_unaware,319,Extra,Whole,Extra,2.119483232498169,Intact,-0.21438796818256378
101,1223.jpg,C,conscious_aware,39,Exp_First,Whole,Experiment,5.093812465667725,Intact,4.2771687507629395
105,1223.jpg,C,conscious_aware,78,Exp_Second,Whole,Experiment,1.7433422803878784,Intact,1.874009370803833
111,1223.jpg,C,conscious_aware,15,Exp_First,Whole,Experiment,2.831373929977417,Intact,1.676135540008545
116,1223.jpg,C,conscious_aware,107,Exp_Second,Whole,Experiment,2.929429292678833,Intact,3.6747632026672363
119,1223.jpg,C,conscious_aware,42,Exp_First,Whole,Experiment,1.260474681854248,Intact,4.960299015045166
103,1223.jpg,U,unconscious_aware,107,Exp_Second,Whole,Experiment,0.3831320106983185,Intact,0.25773435831069946
108,1223.jpg,U,unconscious_aware,8,Exp_First,Whole,Experiment,2.564617395401001,Intact,1.4468624591827393
119,1223.jpg,U,unconscious_aware,321,Extra,Whole,Extra,0.117892324924469,Intact,-0.06270622462034225
102,1223.jpg,U,unconscious_unaware,311,Extra,Whole,Extra,4.412473678588867,Intact,1.0986031293869019
102,1223.jpg,U,unconscious_unaware,72,Exp_Second,Whole,Experiment,3.9226131439208984,Intact,0.2990812361240387
115,1223.jpg,U,unconscious_unaware,302,Extra,Whole,Extra,2.3224234580993652,Intact,0.1720908284187317
115,1223.jpg,U,unconscious_unaware,39,Exp_First,Whole,Experiment,0.9969601631164551,Intact,0.4151979088783264
101,1224.jpg,C,conscious_aware,41,Exp_First,Whole,Experiment,4.578239917755127,Intact,4.176713466644287
102,1224.jpg,C,conscious_aware,104,Exp_Second,Whole,Experiment,4.148962497711182,Intact,1.7130637168884277
107,1224.jpg,C,conscious_aware,107,Exp_Second,Whole,Experiment,2.9494845867156982,Intact,2.3153395652770996
116,1224.jpg,C,conscious_aware,110,Exp_Second,Whole,Experiment,1.6444405317306519,Intact,0.8493854403495789
103,1224.jpg,U,unconscious_aware,103,Exp_Second,Whole,Experiment,,Intact,1.837871789932251
103,1224.jpg,U,unconscious_aware,438,Extra,Whole,Extra,3.056624412536621,Intact,2.537137985229492
108,1224.jpg,U,unconscious_aware,110,Exp_Second,Whole,Experiment,4.198859691619873,Intact,-0.05677079036831856
108,1224.jpg,U,unconscious_aware,423,Extra,Whole,Extra,3.756916046142578,Intact,2.1293513774871826
102,1224.jpg,U,unconscious_unaware,317,Extra,Whole,Extra,3.632842779159546,Intact,1.9305449724197388
105,1224.jpg,U,unconscious_unaware,75,Exp_Second,Whole,Experiment,4.527373313903809,Intact,-0.24937748908996582
115,1224.jpg,U,unconscious_unaware,109,Exp_Second,Whole,Experiment,1.4061529636383057,Intact,3.15230393409729
116,1224.jpg,U,unconscious_unaware,317,Extra,Whole,Extra,3.2596445083618164,Intact,0.8345842361450195
102,1226.jpg,C,conscious_aware,58,Exp_First,Whole,Experiment,,Intact,5.850199222564697
116,1226.jpg,C,conscious_aware,96,Exp_Second,Whole,Experiment,,Intact,3.388833999633789
103,1226.jpg,U,unconscious_aware,386,Extra,Whole,Extra,6.174152851104736,Intact,0.14885851740837097
108,1226.jpg,U,unconscious_aware,56,Exp_First,Whole,Experiment,7.316560745239258,Intact,3.054979085922241
119,1226.jpg,U,unconscious_aware,23,Exp_First,Whole,Experiment,,Intact,1.334343433380127
119,1226.jpg,U,unconscious_aware,438,Extra,Whole,Extra,,Intact,0.340263694524765
101,1226.jpg,U,unconscious_unaware,114,Exp_Second,Whole,Experiment,,Intact,0.6179224252700806
102,1226.jpg,U,unconscious_unaware,336,Extra,Whole,Extra,,Intact,1.3746787309646606
113,1226.jpg,U,unconscious_unaware,387,Extra,Whole,Extra,7.853440761566162,Intact,3.043116331100464
115,1226.jpg,U,unconscious_unaware,128,Exp_Second,Whole,Experiment,0.16201426088809967,Intact,8.324796676635742
115,1226.jpg,U,unconscious_unaware,359,Extra,Whole,Extra,8.195878028869629,Intact,6.293949604034424
116,1226.jpg,U,unconscious_unaware,394,Extra,Whole,Extra,0.27921926975250244,Intact,-0.1256614476442337
108,1235.jpg,C,conscious_aware,70,Exp_Second,Whole,Experiment,,Intact,-0.15592345595359802
115,1235.jpg,C,conscious_aware,3,Exp_First,Whole,Experiment,,Intact,2.552861452102661
117,1235.jpg,C,conscious_aware,101,Exp_Second,Whole,Experiment,,Intact,-0.15592347085475922
117,1235.jpg,U,unconscious_aware,434,Extra,Whole,Extra,,Intact,2.3822474479675293
119,1235.jpg,U,unconscious_aware,310,Extra,Whole,Extra,,Intact,0.9931160807609558
101,1235.jpg,U,unconscious_unaware,105,Exp_Second,Whole,Experiment,0.12710054218769073,Intact,-0.0008029682212509215
101,1235.jpg,U,unconscious_unaware,348,Extra,Whole,Extra,3.8147072792053223,Intact,3.265784978866577
102,1235.jpg,U,unconscious_unaware,38,Exp_First,Whole,Experiment,5.445245742797852,Intact,0.005977168679237366
103,1235.jpg,U,unconscious_unaware,76,Exp_Second,Whole,Experiment,-0.027645617723464966,Intact,2.0701704025268555
116,1235.jpg,U,unconscious_unaware,108,Exp_Second,Whole,Experiment,0.6767613887786865,Intact,2.8547210693359375
102,1240.jpg,C,conscious_aware,94,Exp_Second,Whole,Experiment,4.253734588623047,Intact,0.4050184190273285
107,1240.jpg,C,conscious_aware,61,Exp_First,Whole,Experiment,7.615209579467773,Intact,5.074541091918945
111,1240.jpg,C,conscious_aware,11,Exp_First,Whole,Experiment,7.133188724517822,Intact,2.156883955001831
114,1240.jpg,C,conscious_aware,21,Exp_First,Whole,Experiment,,Intact,3.688408136367798
117,1240.jpg,C,conscious_aware,44,Exp_First,Whole,Experiment,7.4605584144592285,Intact,-0.15921585261821747
103,1240.jpg,U,unconscious_aware,101,Exp_Second,Whole,Experiment,6.047340393066406,Intact,2.242307424545288
108,1240.jpg,U,unconscious_aware,324,Extra,Whole,Extra,8.209671974182129,Intact,-0.1945018470287323
108,1240.jpg,U,unconscious_aware,38,Exp_First,Whole,Experiment,7.14048433303833,Intact,-0.1945018321275711
117,1240.jpg,U,unconscious_aware,452,Extra,Whole,Extra,7.445637226104736,Intact,1.126717448234558
101,1240.jpg,U,unconscious_unaware,84,Exp_Second,Whole,Experiment,4.096599102020264,Intact,2.1197850704193115
105,1240.jpg,U,unconscious_unaware,323,Extra,Whole,Extra,0.7647714018821716,Intact,2.0213570594787598
115,1240.jpg,U,unconscious_unaware,77,Exp_Second,Whole,Experiment,4.572811126708984,Intact,2.517489433288574
116,1240.jpg,U,unconscious_unaware,84,Exp_Second,Whole,Experiment,5.915853977203369,Intact,0.4513784348964691
102,1247.jpg,C,conscious_aware,109,Exp_Second,Whole,Experiment,6.693431854248047,Intact,1.022162914276123
105,1247.jpg,C,conscious_aware,111,Exp_Second,Whole,Experiment,4.675061225891113,Intact,-0.17712870240211487
116,1247.jpg,C,conscious_aware,68,Exp_Second,Whole,Experiment,9.074188232421875,Intact,-0.17712871730327606
103,1247.jpg,U,unconscious_aware,405,Extra,Whole,Extra,2.120861291885376,Intact,1.1705560684204102
108,1247.jpg,U,unconscious_aware,69,Exp_First,Whole,Experiment,4.232242584228516,Intact,3.0809550285339355
101,1247.jpg,U,unconscious_unaware,8,Exp_First,Whole,Experiment,6.859432220458984,Intact,0.6576502919197083
102,1247.jpg,U,unconscious_unaware,307,Extra,Whole,Extra,6.358320236206055,Intact,1.185378074645996
113,1247.jpg,U,unconscious_unaware,309,Extra,Whole,Extra,0.9298112988471985,Intact,1.9693549871444702
114,1247.jpg,U,unconscious_unaware,38,Exp_First,Whole,Experiment,,Intact,-0.1904779076576233
117,1247.jpg,U,unconscious_unaware,44,Exp_First,Whole,Experiment,,Intact,0.6723015904426575
102,1253.jpg,C,conscious_aware,75,Exp_Second,Whole,Experiment,4.464920520782471,Intact,0.9932659864425659
103,1253.jpg,C,conscious_aware,14,Exp_First,Whole,Experiment,5.311927318572998,Intact,3.095823287963867
108,1253.jpg,C,conscious_aware,109,Exp_Second,Whole,Experiment,-0.13623686134815216,Intact,2.311957836151123
111,1253.jpg,C,conscious_aware,108,Exp_Second,Whole,Experiment,0.6272629499435425,Intact,0.8193667531013489
116,1253.jpg,C,conscious_aware,112,Exp_Second,Whole,Experiment,2.2840306758880615,Intact,3.5076184272766113
117,1253.jpg,C,conscious_aware,109,Exp_Second,Whole,Experiment,7.642704486846924,Intact,0.4137532413005829
119,1253.jpg,U,unconscious_aware,117,Exp_Second,Whole,Experiment,,Intact,0.9871802926063538
119,1253.jpg,U,unconscious_aware,386,Extra,Whole,Extra,2.9742848873138428,Intact,0.569921612739563
113,1253.jpg,U,unconscious_unaware,113,Exp_Second,Whole,Experiment,3.404367446899414,Intact,0.087864950299263
115,1253.jpg,U,unconscious_unaware,15,Exp_First,Whole,Experiment,0.380280077457428,Intact,2.218979835510254
115,1253.jpg,U,unconscious_unaware,350,Extra,Whole,Extra,0.4118904173374176,Intact,1.0349225997924805
116,1253.jpg,U,unconscious_unaware,383,Extra,Whole,Extra,3.801711320877075,Intact,4.083350658416748
103,1255.jpg,C,conscious_aware,61,Exp_First,Whole,Experiment,3.9745075702667236,Intact,5.605180740356445
108,1255.jpg,C,conscious_aware,80,Exp_Second,Whole,Experiment,-0.05724957212805748,Intact,2.251084327697754
117,1255.jpg,U,unconscious_aware,398,Extra,Whole,Extra,,Intact,0.6831750273704529
119,1255.jpg,U,unconscious_aware,447,Extra,Whole,Extra,,Intact,1.7702950239181519
101,1255.jpg,U,unconscious_unaware,91,Exp_Second,Whole,Experiment,2.215190887451172,Intact,2.315321207046509
102,1255.jpg,U,unconscious_unaware,30,Exp_First,Whole,Experiment,3.940300941467285,Intact,0.7929639220237732
102,1255.jpg,U,unconscious_unaware,322,Extra,Whole,Extra,4.342674255371094,Intact,0.8853428363800049
105,1255.jpg,U,unconscious_unaware,395,Extra,Whole,Extra,5.602425575256348,Intact,3.173649549484253
113,1255.jpg,U,unconscious_unaware,59,Exp_First,Whole,Experiment,5.921199798583984,Intact,0.6432428956031799
114,1255.jpg,U,unconscious_unaware,340,Extra,Whole,Extra,,Intact,6.820391654968262
114,1255.jpg,U,unconscious_unaware,94,Exp_Second,Whole,Experiment,9.51164436340332,Intact,0.03304232656955719
115,1255.jpg,U,unconscious_unaware,361,Extra,Whole,Extra,,Intact,0.5351296067237854
116,1255.jpg,U,unconscious_unaware,356,Extra,Whole,Extra,-0.19964128732681274,Intact,5.099555969238281
103,1256.jpg,C,conscious_aware,5,Exp_First,Whole,Experiment,,Intact,-0.12719832360744476
111,1256.jpg,C,conscious_aware,101,Exp_Second,Whole,Experiment,8.888690948486328,Intact,2.7753942012786865
116,1256.jpg,U,unconscious_aware,101,Exp_Second,Whole,Experiment,6.976975917816162,Intact,6.205287933349609
119,1256.jpg,U,unconscious_aware,100,Exp_Second,Whole,Experiment,,Intact,2.4676952362060547
101,1256.jpg,U,unconscious_unaware,338,Extra,Whole,Extra,3.544768810272217,Intact,0.14844481647014618
113,1256.jpg,U,unconscious_unaware,4,Exp_First,Whole,Experiment,6.012607574462891,Intact,-0.05058424174785614
115,1256.jpg,U,unconscious_unaware,405,Extra,Whole,Extra,4.4158616065979,Intact,-0.15473070740699768
117,1256.jpg,U,unconscious_unaware,105,Exp_Second,Whole,Experiment,,Intact,5.1643195152282715
115,1257.jpg,C,conscious_aware,113,Exp_Second,Whole,Experiment,-0.11533885449171066,Intact,1.9317954778671265
119,1257.jpg,C,conscious_aware,102,Exp_Second,Whole,Experiment,-0.11533886939287186,Intact,0.9332709312438965
102,1257.jpg,U,unconscious_unaware,108,Exp_Second,Whole,Experiment,1.7500076293945312,Intact,5.37689208984375
102,1257.jpg,U,unconscious_unaware,319,Extra,Whole,Extra,1.9929364919662476,Intact,4.714905261993408
113,1257.jpg,U,unconscious_unaware,370,Extra,Whole,Extra,,Intact,6.935704231262207
114,1257.jpg,U,unconscious_unaware,70,Exp_Second,Whole,Experiment,5.620635986328125,Intact,0.3824314773082733
116,1257.jpg,U,unconscious_unaware,85,Exp_Second,Whole,Experiment,2.9155304431915283,Intact,2.6860594749450684
117,1257.jpg,U,unconscious_unaware,6,Exp_First,Whole,Experiment,,Intact,0.16818547248840332
101,1258.jpg,C,conscious_aware,18,Exp_First,Whole,Experiment,3.0412912368774414,Intact,4.743717670440674
102,1258.jpg,C,conscious_aware,120,Exp_Second,Whole,Experiment,4.443386554718018,Intact,0.09071710705757141
103,1258.jpg,C,conscious_aware,86,Exp_Second,Whole,Experiment,5.364656925201416,Intact,5.070369243621826
105,1258.jpg,C,conscious_aware,126,Exp_Second,Whole,Experiment,2.826021432876587,Intact,3.988365411758423
108,1258.jpg,C,conscious_aware,50,Exp_First,Whole,Experiment,4.953033447265625,Intact,2.504854202270508
116,1258.jpg,C,conscious_aware,123,Exp_Second,Whole,Experiment,3.2256858348846436,Intact,0.7972676157951355
101,1258.jpg,U,unconscious_unaware,447,Extra,Whole,Extra,7.516430854797363,Intact,0.7805060148239136
102,1258.jpg,U,unconscious_unaware,361,Extra,Whole,Extra,7.092917442321777,Intact,2.6969568729400635
113,1258.jpg,U,unconscious_unaware,29,Exp_First,Whole,Experiment,5.6448774337768555,Intact,7.166323661804199
115,1258.jpg,U,unconscious_unaware,55,Exp_First,Whole,Experiment,8.126111030578613,Intact,5.777006149291992
102,1261.jpg,C,conscious_aware,77,Exp_Second,Whole,Experiment,4.752902984619141,Intact,1.0300586223602295
111,1261.jpg,C,conscious_aware,104,Exp_Second,Whole,Experiment,9.36440658569336,Intact,-0.14755657315254211
116,1261.jpg,C,conscious_aware,11,Exp_First,Whole,Experiment,1.844097375869751,Intact,2.7459285259246826
117,1261.jpg,C,conscious_aware,119,Exp_Second,Whole,Experiment,9.339263916015625,Intact,2.1093063354492188
108,1261.jpg,U,unconscious_aware,321,Extra,Whole,Extra,1.0065642595291138,Intact,2.3776490688323975
117,1261.jpg,U,unconscious_aware,436,Extra,Whole,Extra,,Intact,-0.21628808975219727
119,1261.jpg,U,unconscious_aware,343,Extra,Whole,Extra,3.1116271018981934,Intact,-0.21744981408119202
101,1261.jpg,U,unconscious_unaware,356,Extra,Whole,Extra,9.290950775146484,Intact,3.5617411136627197
102,1261.jpg,U,unconscious_unaware,312,Extra,Whole,Extra,8.849983215332031,Intact,2.166287660598755
105,1261.jpg,U,unconscious_unaware,37,Exp_First,Whole,Experiment,7.622551441192627,Intact,2.0618646144866943
113,1261.jpg,U,unconscious_unaware,41,Exp_First,Whole,Experiment,1.7922542095184326,Intact,2.098815441131592
115,1261.jpg,U,unconscious_unaware,445,Extra,Whole,Extra,0.5441965460777283,Intact,0.4539787471294403
119,1261.jpg,U,unconscious_unaware,4,Exp_First,Whole,Experiment,4.581629276275635,Intact,0.5362773537635803
101,1263.jpg,C,conscious_aware,55,Exp_First,Whole,Experiment,4.610805988311768,Intact,4.016604900360107
102,1263.jpg,C,conscious_aware,47,Exp_First,Whole,Experiment,6.109678268432617,Intact,3.309457540512085
103,1263.jpg,C,conscious_aware,116,Exp_Second,Whole,Experiment,2.700312852859497,Intact,5.525112628936768
105,1263.jpg,C,conscious_aware,42,Exp_First,Whole,Experiment,5.143270492553711,Intact,4.947452545166016
107,1263.jpg,C,conscious_aware,113,Exp_Second,Whole,Experiment,5.033690929412842,Intact,-0.19161759316921234
108,1263.jpg,C,conscious_aware,13,Exp_First,Whole,Experiment,3.6668436527252197,Intact,3.654078245162964
111,1263.jpg,C,conscious_aware,53,Exp_First,Whole,Experiment,2.1520769596099854,Intact,1.6552623510360718
113,1263.jpg,C,conscious_aware,47,Exp_First,Whole,Experiment,1.5216879844665527,Intact,4.506931781768799
105,1263.jpg,U,unconscious_unaware,416,Extra,Whole,Extra,4.540588855743408,Intact,7.23588752746582
115,1263.jpg,U,unconscious_unaware,53,Exp_First,Whole,Experiment,4.656254768371582,Intact,4.381126403808594
108,1266.jpg,U,unconscious_aware,436,Extra,Whole,Extra,1.3094816207885742,Intact,4.180236339569092
117,1266.jpg,U,unconscious_aware,376,Extra,Whole,Extra,-0.2242797166109085,Intact,1.6968228816986084
101,1271.jpg,C,conscious_aware,22,Exp_First,Whole,Experiment,-0.1365327090024948,Intact,4.53627872467041
107,1271.jpg,C,conscious_aware,12,Exp_First,Whole,Experiment,1.2334657907485962,Intact,0.884402334690094
116,1271.jpg,C,conscious_aware,51,Exp_First,Whole,Experiment,1.2334657907485962,Intact,0.20617741346359253
101,1271.jpg,U,unconscious_unaware,352,Extra,Whole,Extra,4.770246505737305,Intact,1.375253438949585
105,1271.jpg,U,unconscious_unaware,11,Exp_First,Whole,Experiment,4.873586177825928,Intact,2.1188111305236816
113,1271.jpg,U,unconscious_unaware,421,Extra,Whole,Extra,1.2979761362075806,Intact,0.06388409435749054
114,1271.jpg,U,unconscious_unaware,75,Exp_Second,Whole,Experiment,,Intact,0.08298680931329727
115,1271.jpg,U,unconscious_unaware,119,Exp_Second,Whole,Experiment,0.2922655940055847,Intact,1.674734115600586
115,1271.jpg,U,unconscious_unaware,357,Extra,Whole,Extra,1.1901336908340454,Intact,1.1781655550003052
102,1280.jpg,C,conscious_aware,101,Exp_Second,Whole,Experiment,,Intact,0.09700527042150497
105,1280.jpg,C,conscious_aware,37,Exp_First,Whole,Experiment,7.472378730773926,Intact,7.0221710205078125
116,1280.jpg,C,conscious_aware,2,Exp_First,Whole,Experiment,11.32684326171875,Intact,-0.12528523802757263
117,1280.jpg,C,conscious_aware,35,Exp_First,Whole,Experiment,9.790156364440918,Intact,2.039212465286255
103,1280.jpg,U,unconscious_aware,73,Exp_First,Whole,Experiment,-0.13550451397895813,Intact,2.1424524784088135
117,1280.jpg,U,unconscious_aware,345,Extra,Whole,Extra,,Intact,-0.168204203248024
111,1282.jpg,C,conscious_aware,73,Exp_Second,Whole,Experiment,8.428813934326172,Intact,8.70633602142334
113,1282.jpg,C,conscious_aware,101,Exp_Second,Whole,Experiment,5.033353328704834,Intact,5.1905951499938965
115,1282.jpg,C,conscious_aware,38,Exp_First,Whole,Experiment,2.4802231788635254,Intact,2.2485692501068115
117,1282.jpg,C,conscious_aware,49,Exp_First,Whole,Experiment,1.901453971862793,Intact,-0.0695355162024498
119,1282.jpg,C,conscious_aware,86,Exp_Second,Whole,Experiment,1.8849806785583496,Intact,4.005165100097656
101,1282.jpg,U,unconscious_aware,104,Exp_Second,Whole,Experiment,3.3909313678741455,Intact,2.1177737712860107
103,1282.jpg,U,unconscious_aware,355,Extra,Whole,Extra,1.0229873657226562,Intact,3.920555830001831
103,1282.jpg,U,unconscious_aware,46,Exp_First,Whole,Experiment,1.4787228107452393,Intact,2.0626206398010254
116,1282.jpg,U,unconscious_aware,70,Exp_First,Whole,Experiment,2.8187978267669678,Intact,-0.03275923803448677
119,1282.jpg,U,unconscious_aware,309,Extra,Whole,Extra,1.6613430976867676,Intact,1.913586974143982
105,1282.jpg,U,unconscious_unaware,14,Exp_First,Whole,Experiment,3.5940206050872803,Intact,3.6116435527801514
114,1282.jpg,U,unconscious_unaware,86,Exp_Second,Whole,Experiment,,Intact,1.881057858467102
107,1289.jpg,C,conscious_aware,74,Exp_Second,Whole,Experiment,2.871870756149292,Intact,2.747602701187134
111,1289.jpg,C,conscious_aware,89,Exp_Second,Whole,Experiment,1.2601407766342163,Intact,3.048039674758911
113,1289.jpg,C,conscious_aware,86,Exp_Second,Whole,Experiment,2.2889702320098877,Intact,3.8815455436706543
115,1289.jpg,C,conscious_aware,106,Exp_Second,Whole,Experiment,2.993952751159668,Intact,0.08782928436994553
108,1289.jpg,U,unconscious_aware,24,Exp_First,Whole,Experiment,2.6934654712677,Intact,2.6320674419403076
119,1289.jpg,U,unconscious_aware,111,Exp_Second,Whole,Experiment,,Intact,0.10970205068588257
119,1289.jpg,U,unconscious_aware,338,Extra,Whole,Extra,0.1641550213098526,Intact,-0.05601322650909424
102,1289.jpg,U,unconscious_unaware,37,Exp_First,Whole,Experiment,2.2399020195007324,Intact,0.6867013573646545
105,1289.jpg,U,unconscious_unaware,16,Exp_First,Whole,Experiment,3.906214714050293,Intact,0.986668050289154
105,1289.jpg,U,unconscious_unaware,362,Extra,Whole,Extra,1.5191059112548828,Intact,1.2009506225585938
113,1289.jpg,U,unconscious_unaware,313,Extra,Whole,Extra,2.3353183269500732,Intact,0.710375964641571
115,1289.jpg,U,unconscious_unaware,347,Extra,Whole,Extra,2.3604633808135986,Intact,1.7897166013717651
116,1289.jpg,U,unconscious_unaware,82,Exp_Second,Whole,Experiment,3.9803831577301025,Intact,1.8558839559555054
117,1289.jpg,U,unconscious_unaware,9,Exp_First,Whole,Experiment,,Intact,-0.10247218608856201
102,1292.jpg,C,conscious_aware,42,Exp_First,Whole,Experiment,4.978470325469971,Intact,-0.14175988733768463
108,1292.jpg,C,conscious_aware,8,Exp_First,Whole,Experiment,-0.22076033055782318,Intact,1.947417974472046
115,1292.jpg,C,conscious_aware,78,Exp_Second,Whole,Experiment,3.799330711364746,Intact,3.732332229614258
101,1292.jpg,U,unconscious_aware,373,Extra,Whole,Extra,4.972472190856934,Intact,5.197211265563965
113,1292.jpg,U,unconscious_aware,67,Exp_First,Whole,Experiment,3.495013952255249,Intact,1.5065394639968872
119,1292.jpg,U,unconscious_aware,450,Extra,Whole,Extra,4.894375801086426,Intact,0.12261291593313217
103,1303.jpg,C,conscious_aware,63,Exp_First,Whole,Experiment,3.135976552963257,Intact,-0.0013729415368288755
108,1303.jpg,C,conscious_aware,92,Exp_Second,Whole,Experiment,1.6518023014068604,Intact,3.1139869689941406
115,1303.jpg,C,conscious_aware,129,Exp_Second,Whole,Experiment,3.334386110305786,Intact,2.2516751289367676
116,1303.jpg,C,conscious_aware,98,Exp_Second,Whole,Experiment,1.5707294940948486,Intact,0.7604643702507019
108,1303.jpg,U,unconscious_aware,369,Extra,Whole,Extra,4.124183177947998,Intact,6.368383407592773
117,1303.jpg,U,unconscious_aware,329,Extra,Whole,Extra,,Intact,4.523581027984619
119,1303.jpg,U,unconscious_aware,428,Extra,Whole,Extra,4.715136528015137,Intact,0.7597810626029968
101,1303.jpg,U,unconscious_unaware,56,Exp_First,Whole,Experiment,5.220091342926025,Intact,1.1643612384796143
102,1303.jpg,U,unconscious_unaware,26,Exp_First,Whole,Experiment,1.159812331199646,Intact,-0.10300012677907944
105,1303.jpg,U,unconscious_unaware,124,Exp_Second,Whole,Experiment,2.5359768867492676,Intact,3.02042293548584
105,1303.jpg,U,unconscious_unaware,381,Extra,Whole,Extra,4.320033073425293,Intact,7.032774448394775
116,1303.jpg,U,unconscious_unaware,358,Extra,Whole,Extra,2.89438533782959,Intact,1.023432731628418
117,1303.jpg,U,unconscious_unaware,95,Exp_Second,Whole,Experiment,,Intact,-0.2588229775428772
101,1310.jpg,C,conscious_aware,71,Exp_Second,Whole,Experiment,3.2483482360839844,Intact,8.403426170349121
108,1310.jpg,C,conscious_aware,77,Exp_Second,Whole,Experiment,0.37075164914131165,Intact,0.460983008146286
117,1310.jpg,C,conscious_aware,78,Exp_First,Whole,Experiment,7.487854957580566,Intact,-0.07016795873641968
102,1310.jpg,U,unconscious_unaware,381,Extra,Whole,Extra,1.9797759056091309,Intact,2.9959609508514404
102,1310.jpg,U,unconscious_unaware,71,Exp_Second,Whole,Experiment,3.119110345840454,Intact,2.5290064811706543
105,1310.jpg,U,unconscious_unaware,20,Exp_First,Whole,Experiment,6.4519124031066895,Intact,5.179293155670166
115,1310.jpg,U,unconscious_unaware,2,Exp_First,Whole,Experiment,6.190695285797119,Intact,1.1229605674743652
116,1310.jpg,U,unconscious_unaware,11,Exp_First,Whole,Experiment,3.28039288520813,Intact,6.952672481536865
102,1318.jpg,C,conscious_aware,44,Exp_First,Whole,Experiment,,Intact,0.7620754241943359
108,1318.jpg,C,conscious_aware,117,Exp_Second,Whole,Experiment,,Intact,0.5370762944221497
116,1318.jpg,C,conscious_aware,40,Exp_First,Whole,Experiment,,Intact,6.398244380950928
117,1318.jpg,C,conscious_aware,127,Exp_Second,Whole,Experiment,,Intact,0.4999517798423767
101,1318.jpg,U,unconscious_unaware,400,Extra,Whole,Extra,,Intact,-0.14381730556488037
101,1318.jpg,U,unconscious_unaware,53,Exp_First,Whole,Experiment,-0.1355670541524887,Intact,-0.14381730556488037
103,1318.jpg,U,unconscious_unaware,90,Exp_Second,Whole,Experiment,-0.11533885449171066,Intact,3.8472323417663574
115,1318.jpg,U,unconscious_unaware,106,Exp_Second,Whole,Experiment,,Intact,-0.14107269048690796
115,1318.jpg,U,unconscious_unaware,389,Extra,Whole,Extra,,Intact,0.040762949734926224
102,1320.jpg,C,conscious_aware,51,Exp_First,Whole,Experiment,5.526259899139404,Intact,1.5385849475860596
103,1320.jpg,C,conscious_aware,110,Exp_Second,Whole,Experiment,6.702008247375488,Intact,3.741821765899658
115,1320.jpg,C,conscious_aware,43,Exp_First,Whole,Experiment,7.305765628814697,Intact,0.7502710819244385
116,1320.jpg,C,conscious_aware,50,Exp_First,Whole,Experiment,-0.16362445056438446,Intact,0.6519476175308228
117,1320.jpg,C,conscious_aware,125,Exp_Second,Whole,Experiment,6.3124895095825195,Intact,2.1375296115875244
101,1320.jpg,U,unconscious_unaware,416,Extra,Whole,Extra,2.555889129638672,Intact,2.1219873428344727
105,1320.jpg,U,unconscious_unaware,42,Exp_First,Whole,Experiment,9.750747680664062,Intact,4.784623146057129
113,1320.jpg,U,unconscious_unaware,83,Exp_Second,Whole,Experiment,5.656802654266357,Intact,3.712005853652954
114,1320.jpg,U,unconscious_unaware,74,Exp_Second,Whole,Experiment,,Intact,7.962071418762207
116,1320.jpg,U,unconscious_unaware,414,Extra,Whole,Extra,1.8262284994125366,Intact,6.496170520782471
111,1330.jpg,C,conscious_aware,49,Exp_First,Whole,Experiment,8.407764434814453,Intact,1.2869434356689453
113,1330.jpg,C,conscious_aware,82,Exp_First,Whole,Experiment,9.188016891479492,Intact,0.6325659155845642
115,1330.jpg,C,conscious_aware,14,Exp_First,Whole,Experiment,0.12419315427541733,Intact,-0.0617225281894207
117,1330.jpg,C,conscious_aware,111,Exp_Second,Whole,Experiment,7.887474060058594,Intact,0.23723506927490234
119,1330.jpg,C,conscious_aware,47,Exp_First,Whole,Experiment,3.8371543884277344,Intact,0.5368437767028809
101,1330.jpg,U,unconscious_aware,3,Exp_First,Whole,Experiment,5.175185203552246,Intact,0.6211015582084656
108,1330.jpg,U,unconscious_aware,17,Exp_First,Whole,Experiment,6.188164710998535,Intact,3.33721923828125
119,1330.jpg,U,unconscious_aware,318,Extra,Whole,Extra,4.498239517211914,Intact,1.3148266077041626
101,1330.jpg,U,unconscious_unaware,443,Extra,Whole,Extra,1.4876585006713867,Intact,2.612804889678955
102,1330.jpg,U,unconscious_unaware,52,Exp_First,Whole,Experiment,6.702093124389648,Intact,8.852906227111816
105,1330.jpg,U,unconscious_unaware,339,Extra,Whole,Extra,6.601623058319092,Intact,-0.19568371772766113
114,1330.jpg,U,unconscious_unaware,68,Exp_Second,Whole,Experiment,,Intact,4.876485824584961
116,1330.jpg,U,unconscious_unaware,92,Exp_Second,Whole,Experiment,3.188060998916626,Intact,3.002584457397461
102,1338.jpg,C,conscious_aware,78,Exp_Second,Whole,Experiment,,Intact,0.10150700807571411
111,1338.jpg,C,conscious_aware,5,Exp_First,Whole,Experiment,1.7238978147506714,Intact,0.3216952085494995
115,1338.jpg,C,conscious_aware,8,Exp_First,Whole,Experiment,-0.18627142906188965,Intact,-0.17628884315490723
116,1338.jpg,C,conscious_aware,82,Exp_Second,Whole,Experiment,0.5807609558105469,Intact,1.5672019720077515
103,1338.jpg,U,unconscious_aware,434,Extra,Whole,Extra,4.63916540145874,Intact,-0.16843990981578827
117,1338.jpg,U,unconscious_aware,73,Exp_Second,Whole,Experiment,,Intact,-0.16843990981578827
119,1338.jpg,U,unconscious_aware,376,Extra,Whole,Extra,,Intact,-0.16843990981578827
101,1340.jpg,C,conscious_aware,43,Exp_First,Whole,Experiment,5.5065155029296875,Intact,9.58708381652832
102,1340.jpg,C,conscious_aware,83,Exp_Second,Whole,Experiment,4.445587635040283,Intact,3.4562861919403076
107,1340.jpg,C,conscious_aware,40,Exp_First,Whole,Experiment,5.412805080413818,Intact,3.477137804031372
115,1340.jpg,C,conscious_aware,21,Exp_First,Whole,Experiment,6.377492904663086,Intact,1.6322184801101685
116,1340.jpg,C,conscious_aware,102,Exp_Second,Whole,Experiment,1.841052770614624,Intact,1.8971480131149292
103,1340.jpg,U,unconscious_aware,117,Exp_Second,Whole,Experiment,3.443040609359741,Intact,1.7213771343231201
103,1340.jpg,U,unconscious_aware,416,Extra,Whole,Extra,1.501121997833252,Intact,4.244575500488281
119,1340.jpg,U,unconscious_aware,50,Exp_First,Whole,Experiment,3.7477235794067383,Intact,2.1215474605560303
105,1340.jpg,U,unconscious_unaware,305,Extra,Whole,Extra,0.9649287462234497,Intact,0.37178391218185425
113,1340.jpg,U,unconscious_unaware,411,Extra,Whole,Extra,3.2342770099639893,Intact,1.7386672496795654
114,1340.jpg,U,unconscious_unaware,78,Exp_Second,Whole,Experiment,,Intact,5.714580059051514
115,1340.jpg,U,unconscious_unaware,448,Extra,Whole,Extra,-0.0009565142681822181,Intact,-0.024749629199504852
116,1340.jpg,U,unconscious_unaware,339,Extra,Whole,Extra,2.7730534076690674,Intact,0.1427057385444641
117,1340.jpg,U,unconscious_unaware,13,Exp_First,Whole,Experiment,,Intact,1.3781847953796387
107,1351.jpg,C,conscious_aware,71,Exp_Second,Whole,Experiment,,Intact,-0.11533886194229126
115,1351.jpg,C,conscious_aware,120,Exp_Second,Whole,Experiment,,Intact,2.0253915786743164
102,1351.jpg,U,unconscious_unaware,3,Exp_First,Whole,Experiment,4.238277912139893,Intact,4.592705249786377
105,1351.jpg,U,unconscious_unaware,17,Exp_First,Whole,Experiment,7.841976165771484,Intact,-0.16835781931877136
105,1351.jpg,U,unconscious_unaware,318,Extra,Whole,Extra,2.6128599643707275,Intact,0.018267154693603516
113,1351.jpg,U,unconscious_unaware,102,Exp_Second,Whole,Experiment,5.932602405548096,Intact,3.7548158168792725
116,1351.jpg,U,unconscious_unaware,322,Extra,Whole,Extra,3.7733662128448486,Intact,2.542128086090088
101,1352.jpg,C,conscious_aware,58,Exp_First,Whole,Experiment,2.96158766746521,Intact,1.5338672399520874
102,1352.jpg,C,conscious_aware,16,Exp_First,Whole,Experiment,,Intact,1.4685577154159546
107,1352.jpg,C,conscious_aware,48,Exp_First,Whole,Experiment,2.528804063796997,Intact,5.324789524078369
111,1352.jpg,C,conscious_aware,61,Exp_First,Whole,Experiment,2.4808220863342285,Intact,2.4065449237823486
115,1352.jpg,C,conscious_aware,87,Exp_Second,Whole,Experiment,1.7258481979370117,Intact,0.1411336064338684
103,1352.jpg,U,unconscious_aware,358,Extra,Whole,Extra,3.543299913406372,Intact,4.370933532714844
103,1352.jpg,U,unconscious_aware,82,Exp_Second,Whole,Experiment,1.6101220846176147,Intact,3.1149895191192627
108,1352.jpg,U,unconscious_aware,424,Extra,Whole,Extra,0.4023141860961914,Intact,0.3897382616996765
117,1352.jpg,U,unconscious_aware,122,Exp_Second,Whole,Experiment,,Intact,0.6235520243644714
119,1352.jpg,U,unconscious_aware,348,Extra,Whole,Extra,1.0001165866851807,Intact,-0.24814411997795105
105,1352.jpg,U,unconscious_unaware,312,Extra,Whole,Extra,0.9501522183418274,Intact,-0.23800301551818848
116,1352.jpg,U,unconscious_unaware,79,Exp_Second,Whole,Experiment,2.9111483097076416,Intact,1.8834882974624634
103,1356.jpg,C,conscious_aware,58,Exp_First,Whole,Experiment,-0.1663646697998047,Intact,4.266194820404053
108,1356.jpg,C,conscious_aware,100,Exp_Second,Whole,Experiment,0.4034085273742676,Intact,0.9110645055770874
115,1356.jpg,C,conscious_aware,5,Exp_First,Whole,Experiment,0.9007052779197693,Intact,1.8481553792953491
103,1356.jpg,U,unconscious_aware,420,Extra,Whole,Extra,,Intact,-0.09709963202476501
117,1356.jpg,U,unconscious_aware,421,Extra,Whole,Extra,,Intact,2.943044424057007
119,1356.jpg,U,unconscious_aware,345,Extra,Whole,Extra,2.9937477111816406,Intact,-0.008220896124839783
101,1356.jpg,U,unconscious_unaware,18,Exp_First,Whole,Experiment,4.442447662353516,Intact,0.46341031789779663
102,1356.jpg,U,unconscious_unaware,111,Exp_Second,Whole,Experiment,1.865103006362915,Intact,4.667744159698486
105,1356.jpg,U,unconscious_unaware,113,Exp_Second,Whole,Experiment,6.2888593673706055,Intact,1.5281718969345093
114,1356.jpg,U,unconscious_unaware,46,Exp_First,Whole,Experiment,,Intact,5.002795219421387
102,1366.jpg,C,conscious_aware,20,Exp_First,Whole,Experiment,,Intact,2.2957839965820312
107,1366.jpg,C,conscious_aware,11,Exp_First,Whole,Experiment,,Intact,-0.14582069218158722
108,1366.jpg,C,conscious_aware,73,Exp_Second,Whole,Experiment,,Intact,-0.14582069218158722
115,1366.jpg,C,conscious_aware,114,Exp_Second,Whole,Experiment,8.841263771057129,Intact,0.4520426094532013
117,1366.jpg,C,conscious_aware,113,Exp_Second,Whole,Experiment,8.861213684082031,Intact,0.9201101660728455
119,1366.jpg,C,conscious_aware,104,Exp_Second,Whole,Experiment,0.03491698578000069,Intact,-0.14582069218158722
103,1366.jpg,U,unconscious_aware,350,Extra,Whole,Extra,,Intact,4.549875736236572
117,1366.jpg,U,unconscious_aware,342,Extra,Whole,Extra,,Intact,0.11595582962036133
101,1366.jpg,U,unconscious_unaware,341,Extra,Whole,Extra,,Intact,3.44749116897583
114,1366.jpg,U,unconscious_unaware,6,Exp_First,Whole,Experiment,,Intact,1.6547620296478271
116,1366.jpg,U,unconscious_unaware,39,Exp_First,Whole,Experiment,-0.16548247635364532,Intact,-0.048611003905534744
115,1377.jpg,C,conscious_aware,109,Exp_Second,Whole,Experiment,,Intact,0.23464353382587433
116,1377.jpg,C,conscious_aware,78,Exp_Second,Whole,Experiment,-0.11990348249673843,Intact,-0.028232883661985397
119,1377.jpg,C,conscious_aware,76,Exp_Second,Whole,Experiment,5.46937894821167,Intact,0.3945900499820709
102,1377.jpg,U,unconscious_unaware,114,Exp_Second,Whole,Experiment,-0.11533886939287186,Intact,7.212854385375977
102,1377.jpg,U,unconscious_unaware,379,Extra,Whole,Extra,-0.11533886939287186,Intact,5.365952014923096
105,1377.jpg,U,unconscious_unaware,6,Exp_First,Whole,Experiment,,Intact,0.4658987522125244
116,1377.jpg,U,unconscious_unaware,403,Extra,Whole,Extra,-0.15257051587104797,Intact,-0.06480937451124191
101,1379.jpg,C,conscious_aware,81,Exp_Second,Whole,Experiment,4.220007419586182,Intact,0.6388639807701111
102,1379.jpg,C,conscious_aware,10,Exp_First,Whole,Experiment,7.974679946899414,Intact,8.225126266479492
115,1379.jpg,C,conscious_aware,76,Exp_Second,Whole,Experiment,5.131106376647949,Intact,2.008185625076294
116,1379.jpg,C,conscious_aware,45,Exp_First,Whole,Experiment,4.769228458404541,Intact,0.11061453819274902
117,1379.jpg,C,conscious_aware,57,Exp_First,Whole,Experiment,,Intact,1.4297081232070923
103,1379.jpg,U,unconscious_aware,342,Extra,Whole,Extra,3.41947340965271,Intact,5.07923698425293
108,1379.jpg,U,unconscious_aware,376,Extra,Whole,Extra,7.502924919128418,Intact,5.041062355041504
117,1379.jpg,U,unconscious_aware,422,Extra,Whole,Extra,,Intact,-0.161402627825737
102,1379.jpg,U,unconscious_unaware,389,Extra,Whole,Extra,8.53062915802002,Intact,9.515440940856934
105,1379.jpg,U,unconscious_unaware,103,Exp_Second,Whole,Experiment,8.851125717163086,Intact,-0.161402627825737
108,1379.jpg,U,unconscious_unaware,86,Exp_Second,Whole,Experiment,6.8467230796813965,Intact,1.191970944404602
113,1379.jpg,U,unconscious_unaware,77,Exp_Second,Whole,Experiment,9.581879615783691,Intact,6.9761762619018555
115,1379.jpg,U,unconscious_unaware,369,Extra,Whole,Extra,6.1863179206848145,Intact,4.018899917602539
102,1380.jpg,C,conscious_aware,2,Exp_First,Whole,Experiment,,Intact,0.8897591829299927
116,1380.jpg,C,conscious_aware,80,Exp_Second,Whole,Experiment,-0.11533886939287186,Intact,3.0645530223846436
119,1380.jpg,C,conscious_aware,55,Exp_First,Whole,Experiment,-0.11533886939287186,Intact,-0.16420967876911163
105,1380.jpg,U,unconscious_unaware,321,Extra,Whole,Extra,,Intact,-0.22008116543293
113,1380.jpg,U,unconscious_unaware,9,Exp_First,Whole,Experiment,5.956445217132568,Intact,1.6577500104904175
115,1380.jpg,U,unconscious_unaware,81,Exp_Second,Whole,Experiment,3.1154298782348633,Intact,2.43294095993042
117,1380.jpg,U,unconscious_unaware,110,Exp_Second,Whole,Experiment,,Intact,1.6234256029129028
102,1386.jpg,C,conscious_aware,40,Exp_First,Whole,Experiment,2.048840045928955,Intact,0.40205642580986023
108,1386.jpg,C,conscious_aware,89,Exp_Second,Whole,Experiment,1.3219027519226074,Intact,2.750352144241333
115,1386.jpg,C,conscious_aware,40,Exp_First,Whole,Experiment,1.5837221145629883,Intact,1.0859252214431763
116,1386.jpg,C,conscious_aware,122,Exp_Second,Whole,Experiment,0.5151383876800537,Intact,0.22197668254375458
101,1386.jpg,U,unconscious_unaware,102,Exp_Second,Whole,Experiment,3.2219576835632324,Intact,1.492873191833496
101,1386.jpg,U,unconscious_unaware,414,Extra,Whole,Extra,4.15610408782959,Intact,5.408149719238281
114,1386.jpg,U,unconscious_unaware,305,Extra,Whole,Extra,,Intact,0.672112762928009
117,1386.jpg,U,unconscious_unaware,23,Exp_First,Whole,Experiment,,Intact,1.3803274631500244
105,1389.jpg,U,unconscious_unaware,346,Extra,Whole,Extra,3.980567216873169,Intact,2.1981282234191895
113,1389.jpg,U,unconscious_unaware,450,Extra,Whole,Extra,3.2500736713409424,Intact,0.8861388564109802
116,1389.jpg,U,unconscious_unaware,347,Extra,Whole,Extra,3.309861660003662,Intact,1.0947352647781372
102,1390.jpg,C,conscious_aware,60,Exp_First,Whole,Experiment,3.8595240116119385,Intact,1.2536799907684326
111,1390.jpg,C,conscious_aware,112,Exp_Second,Whole,Experiment,3.9225432872772217,Intact,-0.24587899446487427
113,1390.jpg,C,conscious_aware,107,Exp_Second,Whole,Experiment,1.3835324048995972,Intact,4.241636753082275
115,1390.jpg,C,conscious_aware,95,Exp_Second,Whole,Experiment,1.6975162029266357,Intact,2.0872256755828857
117,1390.jpg,C,conscious_aware,79,Exp_First,Whole,Experiment,1.7605814933776855,Intact,0.5077789425849915
103,1390.jpg,U,unconscious_aware,432,Extra,Whole,Extra,,Intact,0.4094134271144867
108,1390.jpg,U,unconscious_aware,99,Exp_Second,Whole,Experiment,4.416685104370117,Intact,0.7460240125656128
119,1390.jpg,U,unconscious_aware,424,Extra,Whole,Extra,5.85194730758667,Intact,0.8613520264625549
101,1390.jpg,U,unconscious_unaware,359,Extra,Whole,Extra,2.6205461025238037,Intact,3.1066510677337646
115,1390.jpg,U,unconscious_unaware,398,Extra,Whole,Extra,3.714822769165039,Intact,0.9618552327156067
116,1390.jpg,U,unconscious_unaware,428,Extra,Whole,Extra,3.5753731727600098,Intact,1.2066653966903687
116,1390.jpg,U,unconscious_unaware,90,Exp_Second,Whole,Experiment,6.769031524658203,Intact,0.28139692544937134
101,1395.jpg,C,conscious_aware,50,Exp_First,Whole,Experiment,4.0674614906311035,Intact,1.9365683794021606
102,1395.jpg,C,conscious_aware,100,Exp_Second,Whole,Experiment,6.608754634857178,Intact,1.3595532178878784
103,1395.jpg,C,conscious_aware,51,Exp_First,Whole,Experiment,5.5117573738098145,Intact,5.7329301834106445
107,1395.jpg,C,conscious_aware,116,Exp_Second,Whole,Experiment,4.250566482543945,Intact,-0.2042481154203415
108,1395.jpg,C,conscious_aware,69,Exp_Second,Whole,Experiment,5.384596824645996,Intact,3.3832285404205322
111,1395.jpg,C,conscious_aware,17,Exp_First,Whole,Experiment,5.780572891235352,Intact,4.364936828613281
116,1395.jpg,C,conscious_aware,109,Exp_Second,Whole,Experiment,6.151594638824463,Intact,4.7759294509887695
103,1395.jpg,U,unconscious_aware,318,Extra,Whole,Extra,4.438072204589844,Intact,1.032562017440796
108,1395.jpg,U,unconscious_aware,383,Extra,Whole,Extra,2.7198524475097656,Intact,3.538795232772827
117,1395.jpg,U,unconscious_aware,418,Extra,Whole,Extra,6.070730686187744,Intact,0.176326185464859
105,1395.jpg,U,unconscious_unaware,315,Extra,Whole,Extra,1.9455983638763428,Intact,1.391066074371338
105,1395.jpg,U,unconscious_unaware,78,Exp_Second,Whole,Experiment,3.439286231994629,Intact,1.8013659715652466
113,1395.jpg,U,unconscious_unaware,53,Exp_First,Whole,Experiment,2.534937858581543,Intact,5.275198936462402
114,1395.jpg,U,unconscious_unaware,14,Exp_First,Whole,Experiment,,Intact,2.73652982711792
115,1395.jpg,U,unconscious_unaware,1,Exp_First,Whole,Experiment,3.1917638778686523,Intact,3.490892171859741
115,1395.jpg,U,unconscious_unaware,449,Extra,Whole,Extra,2.3178865909576416,Intact,5.334928035736084
107,1396.jpg,C,conscious_aware,85,Exp_Second,Whole,Experiment,2.9943408966064453,Intact,4.18044900894165
111,1396.jpg,C,conscious_aware,50,Exp_First,Whole,Experiment,1.491357445716858,Intact,2.670070171356201
117,1396.jpg,C,conscious_aware,114,Exp_Second,Whole,Experiment,1.3024485111236572,Intact,1.7335315942764282
108,1396.jpg,U,unconscious_aware,379,Extra,Whole,Extra,0.8559520840644836,Intact,0.027276797220110893
108,1396.jpg,U,unconscious_aware,80,Exp_Second,Whole,Experiment,3.4058175086975098,Intact,1.0211647748947144
117,1396.jpg,U,unconscious_aware,359,Extra,Whole,Extra,0.7908542156219482,Intact,0.977838397026062
113,1396.jpg,U,unconscious_unaware,51,Exp_First,Whole,Experiment,3.496769905090332,Intact,2.0981380939483643
115,1396.jpg,U,unconscious_unaware,319,Extra,Whole,Extra,2.126210927963257,Intact,1.134843349456787
116,1396.jpg,U,unconscious_unaware,16,Exp_First,Whole,Experiment,0.9775411486625671,Intact,0.9776190519332886
116,1396.jpg,U,unconscious_unaware,320,Extra,Whole,Extra,0.6457306742668152,Intact,0.9003745317459106
102,1398.jpg,C,conscious_aware,18,Exp_First,Whole,Experiment,5.8794145584106445,Intact,2.0765388011932373
105,1398.jpg,C,conscious_aware,52,Exp_First,Whole,Experiment,1.5091731548309326,Intact,4.962681770324707
108,1398.jpg,C,conscious_aware,53,Exp_First,Whole,Experiment,,Intact,1.0209490060806274
114,1398.jpg,C,conscious_aware,104,Exp_Second,Whole,Experiment,,Intact,-0.21375660598278046
115,1398.jpg,C,conscious_aware,12,Exp_First,Whole,Experiment,1.0341839790344238,Intact,1.590755820274353
116,1398.jpg,C,conscious_aware,67,Exp_Second,Whole,Experiment,3.762165069580078,Intact,2.920968532562256
119,1398.jpg,C,conscious_aware,71,Exp_Second,Whole,Experiment,,Intact,0.2124684900045395
103,1398.jpg,U,unconscious_aware,121,Exp_Second,Whole,Experiment,2.545452833175659,Intact,5.139107704162598
103,1398.jpg,U,unconscious_aware,310,Extra,Whole,Extra,2.5035712718963623,Intact,0.9610579013824463
101,1398.jpg,U,unconscious_unaware,108,Exp_Second,Whole,Experiment,3.937976121902466,Intact,2.763712167739868
102,1398.jpg,U,unconscious_unaware,353,Extra,Whole,Extra,2.2795348167419434,Intact,3.1953961849212646
117,1398.jpg,U,unconscious_unaware,37,Exp_First,Whole,Experiment,4.2034502029418945,Intact,6.443845748901367
107,1428.jpg,C,conscious_aware,104,Exp_Second,Whole,Experiment,0.9324315190315247,Intact,-0.18698115646839142
111,1428.jpg,C,conscious_aware,10,Exp_First,Whole,Experiment,3.0486865043640137,Intact,2.8278942108154297
116,1428.jpg,C,conscious_aware,70,Exp_Second,Whole,Experiment,0.8109043836593628,Intact,4.592565059661865
117,1428.jpg,U,unconscious_aware,103,Exp_Second,Whole,Experiment,1.591056227684021,Intact,1.4002357721328735
117,1428.jpg,U,unconscious_aware,414,Extra,Whole,Extra,-0.21931537985801697,Intact,0.2311623990535736
119,1428.jpg,U,unconscious_aware,104,Exp_Second,Whole,Experiment,,Intact,2.3196804523468018
119,1428.jpg,U,unconscious_aware,335,Extra,Whole,Extra,,Intact,0.1376539021730423
102,1428.jpg,U,unconscious_unaware,77,Exp_Second,Whole,Experiment,3.19783616065979,Intact,-0.016025112941861153
103,1428.jpg,U,unconscious_unaware,2,Exp_First,Whole,Experiment,3.848634719848633,Intact,4.715265274047852
113,1428.jpg,U,unconscious_unaware,339,Extra,Whole,Extra,4.376378059387207,Intact,2.928565263748169
115,1428.jpg,U,unconscious_unaware,71,Exp_First,Whole,Experiment,3.383989095687866,Intact,1.4254990816116333
107,1430.jpg,C,conscious_aware,55,Exp_First,Whole,Experiment,1.185600996017456,Intact,-0.23843829333782196
108,1430.jpg,C,conscious_aware,35,Exp_First,Whole,Experiment,2.8747408390045166,Intact,6.288600921630859
115,1430.jpg,C,conscious_aware,48,Exp_First,Whole,Experiment,0.7244510650634766,Intact,2.4584505558013916
117,1430.jpg,C,conscious_aware,100,Exp_Second,Whole,Experiment,0.7778467535972595,Intact,0.09152161329984665
102,1430.jpg,U,unconscious_unaware,304,Extra,Whole,Extra,3.403216600418091,Intact,2.4483835697174072
102,1430.jpg,U,unconscious_unaware,35,Exp_First,Whole,Experiment,1.7775102853775024,Intact,6.447133541107178
105,1430.jpg,U,unconscious_unaware,108,Exp_Second,Whole,Experiment,5.037853240966797,Intact,0.015023145824670792
113,1430.jpg,U,unconscious_unaware,116,Exp_Second,Whole,Experiment,4.345481872558594,Intact,5.949588298797607
115,1430.jpg,U,unconscious_unaware,442,Extra,Whole,Extra,4.204911231994629,Intact,1.8239293098449707
116,1430.jpg,U,unconscious_unaware,9,Exp_First,Whole,Experiment,5.073485374450684,Intact,1.3511767387390137
107,1432.jpg,C,conscious_aware,109,Exp_Second,Whole,Experiment,3.858919143676758,Intact,0.1832529753446579
111,1432.jpg,C,conscious_aware,80,Exp_Second,Whole,Experiment,0.598349928855896,Intact,2.8873391151428223
116,1432.jpg,C,conscious_aware,10,Exp_First,Whole,Experiment,2.389737367630005,Intact,3.5415523052215576
117,1432.jpg,C,conscious_aware,67,Exp_First,Whole,Experiment,-0.1779332458972931,Intact,1.9894733428955078
119,1432.jpg,C,conscious_aware,50,Exp_First,Whole,Experiment,,Intact,0.06216811016201973
101,1432.jpg,U,unconscious_unaware,349,Extra,Whole,Extra,,Intact,0.7773778438568115
102,1432.jpg,U,unconscious_unaware,12,Exp_First,Whole,Experiment,7.995089530944824,Intact,10.191038131713867
103,1432.jpg,U,unconscious_unaware,19,Exp_First,Whole,Experiment,7.373325347900391,Intact,5.801722049713135
105,1432.jpg,U,unconscious_unaware,49,Exp_First,Whole,Experiment,8.032504081726074,Intact,4.761833190917969
113,1432.jpg,U,unconscious_unaware,109,Exp_Second,Whole,Experiment,6.987570762634277,Intact,9.462383270263672
114,1432.jpg,U,unconscious_unaware,108,Exp_Second,Whole,Experiment,,Intact,-0.13803184032440186
115,1432.jpg,U,unconscious_unaware,83,Exp_Second,Whole,Experiment,1.5330982208251953,Intact,2.705745220184326
102,1441.jpg,C,conscious_aware,72,Exp_Second,Whole,Experiment,2.834109306335449,Intact,1.15378737449646
107,1441.jpg,C,conscious_aware,103,Exp_Second,Whole,Experiment,4.114316940307617,Intact,1.8254342079162598
108,1441.jpg,C,conscious_aware,41,Exp_First,Whole,Experiment,2.790590524673462,Intact,3.9809093475341797
111,1441.jpg,C,conscious_aware,41,Exp_First,Whole,Experiment,2.288708209991455,Intact,2.829097032546997
116,1441.jpg,C,conscious_aware,71,Exp_Second,Whole,Experiment,1.5315706729888916,Intact,2.5599164962768555
101,1441.jpg,U,unconscious_unaware,9,Exp_First,Whole,Experiment,3.7177352905273438,Intact,0.46418190002441406
102,1441.jpg,U,unconscious_unaware,308,Extra,Whole,Extra,3.360837936401367,Intact,0.014485128223896027
103,1441.jpg,U,unconscious_unaware,21,Exp_First,Whole,Experiment,3.2705869674682617,Intact,2.3455214500427246
105,1441.jpg,U,unconscious_unaware,71,Exp_Second,Whole,Experiment,5.288801670074463,Intact,-0.21149371564388275
114,1441.jpg,U,unconscious_unaware,43,Exp_First,Whole,Experiment,6.71587610244751,Intact,0.5401819944381714
115,1441.jpg,U,unconscious_unaware,104,Exp_Second,Whole,Experiment,3.7363572120666504,Intact,0.8667212724685669
102,1444.jpg,C,conscious_aware,106,Exp_Second,Whole,Experiment,4.90617561340332,Intact,1.935114860534668
108,1444.jpg,C,conscious_aware,49,Exp_First,Whole,Experiment,3.7056853771209717,Intact,3.92969012260437
111,1444.jpg,C,conscious_aware,116,Exp_Second,Whole,Experiment,3.966223955154419,Intact,3.170701026916504
117,1444.jpg,C,conscious_aware,106,Exp_Second,Whole,Experiment,4.280670166015625,Intact,-0.2132057100534439
103,1444.jpg,U,unconscious_aware,307,Extra,Whole,Extra,,Intact,1.9179387092590332
108,1444.jpg,U,unconscious_aware,446,Extra,Whole,Extra,6.46999454498291,Intact,4.316136360168457
117,1444.jpg,U,unconscious_aware,375,Extra,Whole,Extra,,Intact,2.0838377475738525
101,1444.jpg,U,unconscious_unaware,407,Extra,Whole,Extra,3.698432683944702,Intact,2.121875286102295
103,1444.jpg,U,unconscious_unaware,7,Exp_First,Whole,Experiment,3.784299612045288,Intact,1.8446537256240845
105,1444.jpg,U,unconscious_unaware,392,Extra,Whole,Extra,2.433988094329834,Intact,1.4264652729034424
113,1444.jpg,U,unconscious_unaware,302,Extra,Whole,Extra,6.2281646728515625,Intact,0.00699788611382246
113,1444.jpg,U,unconscious_unaware,73,Exp_Second,Whole,Experiment,5.193395137786865,Intact,3.668294906616211
114,1444.jpg,U,unconscious_unaware,380,Extra,Whole,Extra,,Intact,5.828600883483887
114,1444.jpg,U,unconscious_unaware,45,Exp_First,Whole,Experiment,1.650150179862976,Intact,-0.18987172842025757
115,1444.jpg,U,unconscious_unaware,379,Extra,Whole,Extra,4.744442462921143,Intact,0.5647438168525696
115,1444.jpg,U,unconscious_unaware,74,Exp_Second,Whole,Experiment,5.94719123840332,Intact,1.8023537397384644
116,1444.jpg,U,unconscious_unaware,111,Exp_Second,Whole,Experiment,5.445064067840576,Intact,2.383523464202881
116,1444.jpg,U,unconscious_unaware,380,Extra,Whole,Extra,2.7426278591156006,Intact,0.654434084892273
119,1444.jpg,U,unconscious_unaware,82,Exp_First,Whole,Experiment,,Intact,-0.08720676600933075
103,1446.jpg,C,conscious_aware,87,Exp_Second,Whole,Experiment,1.398462176322937,Intact,4.588865280151367
107,1446.jpg,C,conscious_aware,84,Exp_Second,Whole,Experiment,2.715573787689209,Intact,1.622327208518982
108,1446.jpg,C,conscious_aware,39,Exp_First,Whole,Experiment,1.3950666189193726,Intact,4.522923946380615
101,1446.jpg,U,unconscious_aware,451,Extra,Whole,Extra,1.540130853652954,Intact,0.7938852906227112
116,1446.jpg,U,unconscious_aware,49,Exp_First,Whole,Experiment,2.410515546798706,Intact,2.018294334411621
105,1446.jpg,U,unconscious_unaware,319,Extra,Whole,Extra,3.595921516418457,Intact,3.362055540084839
105,1446.jpg,U,unconscious_unaware,40,Exp_First,Whole,Experiment,3.063100576400757,Intact,1.1113067865371704
102,1449.jpg,C,conscious_aware,103,Exp_Second,Whole,Experiment,2.161271095275879,Intact,0.4613424241542816
103,1449.jpg,C,conscious_aware,106,Exp_Second,Whole,Experiment,0.48881909251213074,Intact,2.11810564994812
107,1449.jpg,C,conscious_aware,6,Exp_First,Whole,Experiment,0.9780706763267517,Intact,3.4934680461883545
115,1449.jpg,C,conscious_aware,75,Exp_Second,Whole,Experiment,3.781564474105835,Intact,0.5678369402885437
116,1449.jpg,C,conscious_aware,35,Exp_First,Whole,Experiment,3.950446605682373,Intact,2.854457139968872
103,1449.jpg,U,unconscious_aware,345,Extra,Whole,Extra,,Intact,0.17489218711853027
108,1449.jpg,U,unconscious_aware,71,Exp_First,Whole,Experiment,1.6263004541397095,Intact,1.8937864303588867
117,1449.jpg,U,unconscious_aware,308,Extra,Whole,Extra,0.48117220401763916,Intact,3.0481340885162354
102,1449.jpg,U,unconscious_unaware,372,Extra,Whole,Extra,0.16857817769050598,Intact,0.8785695433616638
116,1449.jpg,U,unconscious_unaware,344,Extra,Whole,Extra,2.743061065673828,Intact,4.339837074279785
117,1449.jpg,U,unconscious_unaware,49,Exp_First,Whole,Experiment,0.3052313029766083,Intact,1.4854366779327393
107,1456.jpg,C,conscious_aware,8,Exp_First,Whole,Experiment,,Intact,1.0870729684829712
108,1456.jpg,C,conscious_aware,74,Exp_Second,Whole,Experiment,3.162156581878662,Intact,3.5866153240203857
111,1456.jpg,C,conscious_aware,4,Exp_First,Whole,Experiment,0.2701819837093353,Intact,3.5755133628845215
115,1456.jpg,C,conscious_aware,73,Exp_Second,Whole,Experiment,2.022113561630249,Intact,0.20215195417404175
119,1456.jpg,C,conscious_aware,70,Exp_First,Whole,Experiment,1.3637336492538452,Intact,1.921701431274414
101,1456.jpg,U,unconscious_unaware,404,Extra,Whole,Extra,1.3590290546417236,Intact,-0.07142947614192963
105,1456.jpg,U,unconscious_unaware,43,Exp_First,Whole,Experiment,-0.1688528060913086,Intact,4.186155319213867
117,1456.jpg,U,unconscious_unaware,1,Exp_First,Whole,Experiment,,Intact,1.8577265739440918
102,1458.jpg,C,conscious_aware,71,Exp_Second,Whole,Experiment,2.538954257965088,Intact,0.6511667370796204
103,1458.jpg,C,conscious_aware,70,Exp_First,Whole,Experiment,2.1287648677825928,Intact,0.1423223912715912
108,1458.jpg,C,conscious_aware,36,Exp_First,Whole,Experiment,2.638307809829712,Intact,1.7125351428985596
113,1458.jpg,C,conscious_aware,102,Exp_Second,Whole,Experiment,1.5910724401474,Intact,0.4830420911312103
115,1458.jpg,C,conscious_aware,35,Exp_First,Whole,Experiment,3.0525941848754883,Intact,0.977167010307312
105,1458.jpg,U,unconscious_unaware,3,Exp_First,Whole,Experiment,0.28887632489204407,Intact,1.4798778295516968
116,1458.jpg,U,unconscious_unaware,110,Exp_Second,Whole,Experiment,1.7216697931289673,Intact,2.1101410388946533
102,1461.jpg,C,conscious_aware,74,Exp_Second,Whole,Experiment,3.590364456176758,Intact,1.3384522199630737
103,1461.jpg,C,conscious_aware,76,Exp_Second,Whole,Experiment,5.883678913116455,Intact,1.918358325958252
105,1461.jpg,C,conscious_aware,114,Exp_Second,Whole,Experiment,3.1839003562927246,Intact,3.397406578063965
108,1461.jpg,C,conscious_aware,47,Exp_First,Whole,Experiment,2.9895737171173096,Intact,0.9031324982643127
111,1461.jpg,C,conscious_aware,7,Exp_First,Whole,Experiment,3.9467878341674805,Intact,4.77225399017334
115,1461.jpg,C,conscious_aware,80,Exp_Second,Whole,Experiment,4.642030715942383,Intact,1.1273788213729858
116,1461.jpg,C,conscious_aware,48,Exp_First,Whole,Experiment,4.2582902908325195,Intact,0.3475005328655243
117,1461.jpg,C,conscious_aware,84,Exp_Second,Whole,Experiment,1.9666266441345215,Intact,0.4297063946723938
103,1461.jpg,U,unconscious_aware,340,Extra,Whole,Extra,6.615212917327881,Intact,5.610787868499756
117,1461.jpg,U,unconscious_aware,384,Extra,Whole,Extra,1.3021373748779297,Intact,0.8056348562240601
119,1461.jpg,U,unconscious_aware,107,Exp_Second,Whole,Experiment,2.7239158153533936,Intact,2.7138843536376953
101,1461.jpg,U,unconscious_unaware,75,Exp_Second,Whole,Experiment,3.4266088008880615,Intact,2.8784267902374268
105,1461.jpg,U,unconscious_unaware,401,Extra,Whole,Extra,4.866549491882324,Intact,3.607532024383545
113,1461.jpg,U,unconscious_unaware,56,Exp_First,Whole,Experiment,0.5892106890678406,Intact,1.090798258781433
115,1461.jpg,U,unconscious_unaware,339,Extra,Whole,Extra,1.9530589580535889,Intact,1.700682282447815
102,1475.jpg,C,conscious_aware,57,Exp_First,Whole,Experiment,6.032630443572998,Intact,1.5039865970611572
116,1475.jpg,C,conscious_aware,23,Exp_First,Whole,Experiment,-0.12519879639148712,Intact,0.014364664442837238
117,1475.jpg,C,conscious_aware,76,Exp_First,Whole,Experiment,4.813197612762451,Intact,1.0116467475891113
119,1475.jpg,C,conscious_aware,125,Exp_Second,Whole,Experiment,,Intact,1.2220522165298462
108,1475.jpg,U,unconscious_aware,326,Extra,Whole,Extra,10.366331100463867,Intact,0.27802935242652893
117,1475.jpg,U,unconscious_aware,314,Extra,Whole,Extra,,Intact,5.220900058746338
105,1475.jpg,U,unconscious_unaware,403,Extra,Whole,Extra,1.0943859815597534,Intact,0.8317243456840515
113,1475.jpg,U,unconscious_unaware,118,Exp_Second,Whole,Experiment,7.734901428222656,Intact,8.250128746032715
113,1475.jpg,U,unconscious_unaware,404,Extra,Whole,Extra,6.81410026550293,Intact,8.85688304901123
114,1475.jpg,U,unconscious_unaware,13,Exp_First,Whole,Experiment,9.907258987426758,Intact,0.6866674423217773
115,1475.jpg,U,unconscious_unaware,4,Exp_First,Whole,Experiment,4.215816974639893,Intact,2.310081958770752
103,1479.jpg,C,conscious_aware,65,Exp_First,Whole,Experiment,-0.197403684258461,Intact,3.1250839233398438
105,1479.jpg,C,conscious_aware,62,Exp_First,Whole,Experiment,,Intact,3.1660499572753906
117,1479.jpg,C,conscious_aware,97,Exp_Second,Whole,Experiment,-0.1974036544561386,Intact,1.7092547416687012
119,1479.jpg,C,conscious_aware,66,Exp_First,Whole,Experiment,-0.19697819650173187,Intact,-0.08567675948143005
108,1479.jpg,U,unconscious_aware,366,Extra,Whole,Extra,,Intact,-0.06031786650419235
119,1479.jpg,U,unconscious_aware,365,Extra,Whole,Extra,,Intact,0.06334248930215836
101,1479.jpg,U,unconscious_unaware,366,Extra,Whole,Extra,-0.16269195079803467,Intact,0.260928750038147
115,1479.jpg,U,unconscious_unaware,29,Exp_First,Whole,Experiment,3.743933916091919,Intact,3.4470582008361816
117,1499.jpg,U,unconscious_aware,368,Extra,Whole,Extra,-0.2288491278886795,Intact,0.9796357154846191
119,1499.jpg,U,unconscious_aware,403,Extra,Whole,Extra,2.2054033279418945,Intact,4.087919235229492
102,1499.jpg,U,unconscious_unaware,378,Extra,Whole,Extra,1.1325039863586426,Intact,4.249579906463623
116,1499.jpg,U,unconscious_unaware,381,Extra,Whole,Extra,0.3893801271915436,Intact,2.0552823543548584
102,1506.jpg,C,conscious_aware,110,Exp_Second,Whole,Experiment,6.423364162445068,Intact,-0.20406509935855865
103,1506.jpg,C,conscious_aware,89,Exp_Second,Whole,Experiment,,Intact,2.1658926010131836
107,1506.jpg,C,conscious_aware,82,Exp_Second,Whole,Experiment,1.6148442029953003,Intact,-0.12779729068279266
111,1506.jpg,C,conscious_aware,69,Exp_Second,Whole,Experiment,1.4330233335494995,Intact,0.24003447592258453
113,1506.jpg,C,conscious_aware,43,Exp_First,Whole,Experiment,4.350744247436523,Intact,2.3840789794921875
101,1506.jpg,U,unconscious_unaware,117,Exp_Second,Whole,Experiment,4.285857677459717,Intact,1.5002036094665527
114,1506.jpg,U,unconscious_unaware,72,Exp_Second,Whole,Experiment,,Intact,4.159693717956543
115,1506.jpg,U,unconscious_unaware,91,Exp_Second,Whole,Experiment,1.416072964668274,Intact,1.9569964408874512
105,1517.jpg,C,conscious_aware,40,Exp_First,Whole,Experiment,1.0620543956756592,Intact,-0.21814027428627014
108,1517.jpg,C,conscious_aware,55,Exp_First,Whole,Experiment,6.269069671630859,Intact,3.5376710891723633
115,1517.jpg,C,conscious_aware,18,Exp_First,Whole,Experiment,3.0671286582946777,Intact,1.1530179977416992
103,1517.jpg,U,unconscious_aware,112,Exp_Second,Whole,Experiment,11.679497718811035,Intact,4.134281635284424
117,1517.jpg,U,unconscious_aware,303,Extra,Whole,Extra,,Intact,0.5027446746826172
119,1517.jpg,U,unconscious_aware,413,Extra,Whole,Extra,12.101491928100586,Intact,-0.13947221636772156
102,1517.jpg,U,unconscious_unaware,348,Extra,Whole,Extra,3.1531286239624023,Intact,5.322818756103516
102,1517.jpg,U,unconscious_unaware,4,Exp_First,Whole,Experiment,,Intact,8.411580085754395
105,1517.jpg,U,unconscious_unaware,353,Extra,Whole,Extra,,Intact,-0.13947223126888275
115,1517.jpg,U,unconscious_unaware,352,Extra,Whole,Extra,10.463193893432617,Intact,3.3129751682281494
116,1517.jpg,U,unconscious_unaware,87,Exp_Second,Whole,Experiment,-0.13372871279716492,Intact,-0.13947221636772156
105,1528.jpg,C,conscious_aware,107,Exp_Second,Whole,Experiment,1.4000821113586426,Intact,1.5990347862243652
107,1528.jpg,C,conscious_aware,2,Exp_First,Whole,Experiment,4.100369453430176,Intact,1.5365804433822632
108,1528.jpg,C,conscious_aware,110,Exp_Second,Whole,Experiment,0.25667402148246765,Intact,1.8290908336639404
115,1528.jpg,C,conscious_aware,41,Exp_First,Whole,Experiment,0.9296472072601318,Intact,2.255500555038452
103,1528.jpg,U,unconscious_aware,337,Extra,Whole,Extra,,Intact,7.876406669616699
103,1528.jpg,U,unconscious_aware,71,Exp_First,Whole,Experiment,0.9584676623344421,Intact,1.7096840143203735
102,1528.jpg,U,unconscious_unaware,74,Exp_Second,Whole,Experiment,2.766533851623535,Intact,-0.0642012283205986
113,1528.jpg,U,unconscious_unaware,311,Extra,Whole,Extra,3.998866319656372,Intact,2.028207540512085
115,1528.jpg,U,unconscious_unaware,312,Extra,Whole,Extra,0.9583114981651306,Intact,2.7248423099517822
116,1528.jpg,U,unconscious_unaware,105,Exp_Second,Whole,Experiment,3.7743489742279053,Intact,9.3782958984375
116,1528.jpg,U,unconscious_unaware,374,Extra,Whole,Extra,2.403834104537964,Intact,1.717180609703064
117,1528.jpg,U,unconscious_unaware,5,Exp_First,Whole,Experiment,1.7591521739959717,Intact,-0.24971573054790497
101,1530.jpg,C,conscious_aware,65,Exp_Second,Whole,Experiment,1.4667311906814575,Intact,5.031544208526611
102,1530.jpg,C,conscious_aware,46,Exp_First,Whole,Experiment,2.776183605194092,Intact,1.0040630102157593
103,1530.jpg,C,conscious_aware,30,Exp_First,Whole,Experiment,2.4758658409118652,Intact,3.3514065742492676
107,1530.jpg,C,conscious_aware,54,Exp_First,Whole,Experiment,3.6579742431640625,Intact,3.482314348220825
108,1530.jpg,C,conscious_aware,44,Exp_First,Whole,Experiment,2.703930377960205,Intact,4.414809703826904
111,1530.jpg,C,conscious_aware,93,Exp_Second,Whole,Experiment,2.8364856243133545,Intact,4.4915056228637695
116,1530.jpg,C,conscious_aware,1,Exp_First,Whole,Experiment,3.2948246002197266,Intact,3.431974411010742
105,1530.jpg,U,unconscious_unaware,19,Exp_First,Whole,Experiment,2.605952739715576,Intact,0.19541944563388824
114,1530.jpg,U,unconscious_unaware,61,Exp_Second,Whole,Experiment,,Intact,0.6873518228530884
115,1530.jpg,U,unconscious_unaware,130,Exp_Second,Whole,Experiment,2.540987491607666,Intact,1.8978331089019775
117,1530.jpg,U,unconscious_unaware,326,Extra,Whole,Extra,1.8035670518875122,Intact,-0.17970982193946838
103,1536.jpg,C,conscious_aware,121,Exp_Second,Whole,Experiment,,Intact,-0.2015003114938736
115,1536.jpg,C,conscious_aware,85,Exp_Second,Whole,Experiment,-0.11331631988286972,Intact,0.03135719150304794
102,1536.jpg,U,unconscious_unaware,13,Exp_First,Whole,Experiment,2.1418633460998535,Intact,-0.045266781002283096
102,1536.jpg,U,unconscious_unaware,384,Extra,Whole,Extra,,Intact,1.9270200729370117
113,1536.jpg,U,unconscious_unaware,350,Extra,Whole,Extra,-0.22537633776664734,Intact,1.7701117992401123
113,1536.jpg,U,unconscious_unaware,89,Exp_Second,Whole,Experiment,0.8668627738952637,Intact,0.6154006123542786
119,1536.jpg,U,unconscious_unaware,45,Exp_First,Whole,Experiment,,Intact,1.0636991262435913
103,1538.jpg,U,unconscious_aware,309,Extra,Whole,Extra,,Intact,-0.12114561349153519
108,1538.jpg,U,unconscious_aware,325,Extra,Whole,Extra,9.352811813354492,Intact,2.3856570720672607
102,1552.jpg,C,conscious_aware,8,Exp_First,Whole,Experiment,,Intact,1.3681278228759766
113,1552.jpg,C,conscious_aware,42,Exp_First,Whole,Experiment,0.09668295830488205,Intact,5.328150749206543
116,1552.jpg,C,conscious_aware,5,Exp_First,Whole,Experiment,0.17170889675617218,Intact,-0.23564164340496063
117,1552.jpg,U,unconscious_aware,307,Extra,Whole,Extra,,Intact,-0.2134658843278885
119,1552.jpg,U,unconscious_aware,103,Exp_Second,Whole,Experiment,,Intact,1.7164205312728882
119,1552.jpg,U,unconscious_aware,382,Extra,Whole,Extra,3.2795231342315674,Intact,2.3433170318603516
102,1552.jpg,U,unconscious_unaware,342,Extra,Whole,Extra,,Intact,-0.2134658843278885
105,1552.jpg,U,unconscious_unaware,390,Extra,Whole,Extra,3.1117770671844482,Intact,8.233624458312988
113,1552.jpg,U,unconscious_unaware,347,Extra,Whole,Extra,-0.19096766412258148,Intact,-0.2132384032011032
115,1552.jpg,U,unconscious_unaware,38,Exp_First,Whole,Experiment,3.048081398010254,Intact,-0.03470218926668167
116,1552.jpg,U,unconscious_unaware,350,Extra,Whole,Extra,4.731184005737305,Intact,3.2387521266937256
117,1552.jpg,U,unconscious_unaware,69,Exp_Second,Whole,Experiment,,Intact,-0.21346589922904968
101,1553.jpg,C,conscious_aware,49,Exp_First,Whole,Experiment,1.7844611406326294,Intact,3.1838042736053467
102,1553.jpg,C,conscious_aware,53,Exp_First,Whole,Experiment,8.606316566467285,Intact,1.140076994895935
107,1553.jpg,C,conscious_aware,57,Exp_First,Whole,Experiment,0.6994874477386475,Intact,4.7645649909973145
115,1553.jpg,C,conscious_aware,130,Exp_Second,Whole,Experiment,3.155379295349121,Intact,0.7922723293304443
116,1553.jpg,C,conscious_aware,58,Exp_First,Whole,Experiment,0.794792652130127,Intact,0.6070711612701416
117,1553.jpg,C,conscious_aware,88,Exp_Second,Whole,Experiment,3.1900932788848877,Intact,-0.04697078838944435
103,1553.jpg,U,unconscious_aware,363,Extra,Whole,Extra,,Intact,2.3969955444335938
108,1553.jpg,U,unconscious_aware,53,Exp_First,Whole,Experiment,6.933123588562012,Intact,1.7732410430908203
105,1553.jpg,U,unconscious_unaware,29,Exp_First,Whole,Experiment,4.76792573928833,Intact,6.310553073883057
113,1553.jpg,U,unconscious_unaware,106,Exp_Second,Whole,Experiment,2.244307279586792,Intact,1.2417445182800293
116,1553.jpg,U,unconscious_unaware,343,Extra,Whole,Extra,0.9199683666229248,Intact,0.4849521815776825
103,1559.jpg,C,conscious_aware,39,Exp_First,Whole,Experiment,6.379329204559326,Intact,1.2351809740066528
105,1559.jpg,C,conscious_aware,11,Exp_First,Whole,Experiment,5.021864414215088,Intact,0.1280972808599472
111,1559.jpg,C,conscious_aware,36,Exp_First,Whole,Experiment,6.853678226470947,Intact,-0.17947249114513397
116,1559.jpg,C,conscious_aware,74,Exp_Second,Whole,Experiment,6.73399543762207,Intact,1.7610740661621094
119,1559.jpg,C,conscious_aware,101,Exp_Second,Whole,Experiment,,Intact,0.20902447402477264
101,1559.jpg,U,unconscious_unaware,411,Extra,Whole,Extra,,Intact,1.20830500125885
101,1559.jpg,U,unconscious_unaware,6,Exp_First,Whole,Experiment,-0.24567914009094238,Intact,3.53225040435791
102,1559.jpg,U,unconscious_unaware,105,Exp_Second,Whole,Experiment,-0.2201503962278366,Intact,1.338841199874878
102,1559.jpg,U,unconscious_unaware,374,Extra,Whole,Extra,,Intact,0.6889747381210327
105,1559.jpg,U,unconscious_unaware,368,Extra,Whole,Extra,1.453059434890747,Intact,0.08811543136835098
115,1559.jpg,U,unconscious_unaware,103,Exp_Second,Whole,Experiment,0.10811921209096909,Intact,1.9109222888946533
117,1559.jpg,U,unconscious_unaware,46,Exp_First,Whole,Experiment,,Intact,1.1956989765167236
103,1561.jpg,C,conscious_aware,4,Exp_First,Whole,Experiment,1.6548480987548828,Intact,3.505828857421875
107,1561.jpg,C,conscious_aware,58,Exp_First,Whole,Experiment,5.769928932189941,Intact,1.6582058668136597
108,1561.jpg,C,conscious_aware,4,Exp_First,Whole,Experiment,3.708104133605957,Intact,7.648333549499512
117,1561.jpg,C,conscious_aware,81,Exp_First,Whole,Experiment,5.996795654296875,Intact,0.22870279848575592
102,1561.jpg,U,unconscious_unaware,355,Extra,Whole,Extra,2.290761709213257,Intact,4.328213214874268
105,1561.jpg,U,unconscious_unaware,8,Exp_First,Whole,Experiment,4.515152454376221,Intact,0.46209612488746643
115,1561.jpg,U,unconscious_unaware,12,Exp_First,Whole,Experiment,2.665503740310669,Intact,0.6955994963645935
115,1561.jpg,U,unconscious_unaware,307,Extra,Whole,Extra,1.1634963750839233,Intact,0.8599275946617126
116,1561.jpg,U,unconscious_unaware,305,Extra,Whole,Extra,,Intact,1.5907554626464844
116,1561.jpg,U,unconscious_unaware,41,Exp_First,Whole,Experiment,2.124112606048584,Intact,0.3825492858886719
102,1562.jpg,C,conscious_aware,24,Exp_First,Whole,Experiment,5.6637492179870605,Intact,1.9405159950256348
103,1562.jpg,C,conscious_aware,118,Exp_Second,Whole,Experiment,0.8537022471427917,Intact,3.1520307064056396
113,1562.jpg,C,conscious_aware,122,Exp_Second,Whole,Experiment,0.7052054405212402,Intact,-0.20495443046092987
108,1562.jpg,U,unconscious_aware,5,Exp_First,Whole,Experiment,4.478625774383545,Intact,0.23188352584838867
117,1562.jpg,U,unconscious_aware,401,Extra,Whole,Extra,5.282225608825684,Intact,1.7422078847885132
119,1562.jpg,U,unconscious_aware,446,Extra,Whole,Extra,5.654038429260254,Intact,0.18228715658187866
105,1562.jpg,U,unconscious_unaware,394,Extra,Whole,Extra,3.582430839538574,Intact,0.0913408175110817
115,1562.jpg,U,unconscious_unaware,323,Extra,Whole,Extra,0.5253264904022217,Intact,3.807461738586426
116,1562.jpg,U,unconscious_unaware,15,Exp_First,Whole,Experiment,4.096823692321777,Intact,2.578035354614258
116,1562.jpg,U,unconscious_unaware,361,Extra,Whole,Extra,0.35125571489334106,Intact,0.21728534996509552
101,1565.jpg,C,conscious_aware,15,Exp_First,Whole,Experiment,4.943362712860107,Intact,5.050831317901611
102,1565.jpg,C,conscious_aware,56,Exp_First,Whole,Experiment,5.272356033325195,Intact,3.0133583545684814
103,1565.jpg,C,conscious_aware,83,Exp_Second,Whole,Experiment,3.63913631439209,Intact,1.283608317375183
111,1565.jpg,C,conscious_aware,19,Exp_First,Whole,Experiment,4.866117477416992,Intact,3.139206886291504
116,1565.jpg,C,conscious_aware,16,Exp_First,Whole,Experiment,4.382271766662598,Intact,1.4175236225128174
108,1565.jpg,U,unconscious_aware,399,Extra,Whole,Extra,3.445685625076294,Intact,0.8331490755081177
119,1565.jpg,U,unconscious_aware,36,Exp_First,Whole,Experiment,,Intact,1.6154617071151733
105,1565.jpg,U,unconscious_unaware,387,Extra,Whole,Extra,1.4519673585891724,Intact,5.276679515838623
105,1565.jpg,U,unconscious_unaware,45,Exp_First,Whole,Experiment,1.0501179695129395,Intact,4.43057107925415
114,1565.jpg,U,unconscious_unaware,114,Exp_Second,Whole,Experiment,,Intact,2.1248111724853516
101,1567.jpg,C,conscious_aware,52,Exp_First,Whole,Experiment,0.7161686420440674,Intact,3.2516560554504395
103,1567.jpg,C,conscious_aware,74,Exp_Second,Whole,Experiment,3.839111328125,Intact,8.960010528564453
105,1567.jpg,C,conscious_aware,45,Exp_First,Whole,Experiment,8.336034774780273,Intact,2.2699763774871826
107,1567.jpg,C,conscious_aware,23,Exp_First,Whole,Experiment,7.942800045013428,Intact,-0.04018745198845863
117,1567.jpg,C,conscious_aware,36,Exp_First,Whole,Experiment,4.540873050689697,Intact,0.2617699205875397
102,1567.jpg,U,unconscious_unaware,15,Exp_First,Whole,Experiment,6.817937850952148,Intact,1.5864382982254028
115,1567.jpg,U,unconscious_unaware,49,Exp_First,Whole,Experiment,1.0725388526916504,Intact,0.10259957611560822
119,1567.jpg,U,unconscious_unaware,9,Exp_First,Whole,Experiment,1.1443239450454712,Intact,-0.02092350274324417
103,1570.jpg,C,conscious_aware,55,Exp_First,Whole,Experiment,4.341823577880859,Intact,7.106746673583984
107,1570.jpg,C,conscious_aware,18,Exp_First,Whole,Experiment,7.535758972167969,Intact,-0.15237008035182953
108,1570.jpg,C,conscious_aware,126,Exp_Second,Whole,Experiment,9.87808895111084,Intact,3.48310923576355
111,1570.jpg,C,conscious_aware,74,Exp_Second,Whole,Experiment,3.641448974609375,Intact,6.9249467849731445
101,1570.jpg,U,unconscious_unaware,83,Exp_Second,Whole,Experiment,9.235363006591797,Intact,2.3930537700653076
102,1570.jpg,U,unconscious_unaware,301,Extra,Whole,Extra,10.204475402832031,Intact,-0.1375456154346466
105,1570.jpg,U,unconscious_unaware,13,Exp_First,Whole,Experiment,9.117900848388672,Intact,7.704856872558594
115,1570.jpg,U,unconscious_unaware,314,Extra,Whole,Extra,-0.1614852249622345,Intact,0.4763709008693695
116,1570.jpg,U,unconscious_unaware,125,Exp_Second,Whole,Experiment,7.763383865356445,Intact,0.041499800980091095
116,1570.jpg,U,unconscious_unaware,349,Extra,Whole,Extra,2.482041597366333,Intact,3.3213841915130615
119,1570.jpg,U,unconscious_unaware,89,Exp_First,Whole,Experiment,6.173436641693115,Intact,1.6547545194625854
102,1574.jpg,C,conscious_aware,5,Exp_First,Whole,Experiment,8.634452819824219,Intact,3.2472591400146484
103,1574.jpg,C,conscious_aware,43,Exp_First,Whole,Experiment,0.5422176122665405,Intact,9.216232299804688
107,1574.jpg,C,conscious_aware,118,Exp_Second,Whole,Experiment,4.878025531768799,Intact,-0.05764716863632202
111,1574.jpg,C,conscious_aware,14,Exp_First,Whole,Experiment,5.423396110534668,Intact,4.342265605926514
113,1574.jpg,C,conscious_aware,81,Exp_First,Whole,Experiment,6.670374393463135,Intact,5.131958961486816
119,1574.jpg,C,conscious_aware,48,Exp_First,Whole,Experiment,1.0393149852752686,Intact,0.5384228229522705
103,1574.jpg,U,unconscious_aware,413,Extra,Whole,Extra,9.374671936035156,Intact,6.3806304931640625
108,1574.jpg,U,unconscious_aware,13,Exp_First,Whole,Experiment,6.275595664978027,Intact,0.0334252268075943
108,1574.jpg,U,unconscious_aware,386,Extra,Whole,Extra,1.865342140197754,Intact,1.2019137144088745
117,1574.jpg,U,unconscious_aware,111,Exp_Second,Whole,Experiment,9.788573265075684,Intact,0.9099730253219604
119,1574.jpg,U,unconscious_aware,353,Extra,Whole,Extra,0.3953573405742645,Intact,0.24048973619937897
101,1574.jpg,U,unconscious_unaware,438,Extra,Whole,Extra,6.893413543701172,Intact,1.2467844486236572
101,1574.jpg,U,unconscious_unaware,46,Exp_First,Whole,Experiment,3.8265116214752197,Intact,0.2650104761123657
115,1574.jpg,U,unconscious_unaware,45,Exp_First,Whole,Experiment,3.9615867137908936,Intact,0.22850821912288666
116,1574.jpg,U,unconscious_unaware,42,Exp_First,Whole,Experiment,0.2607780396938324,Intact,-0.05089278891682625
102,1576.jpg,C,conscious_aware,108,Exp_Second,Whole,Experiment,6.506103038787842,Intact,1.2669230699539185
107,1576.jpg,C,conscious_aware,50,Exp_First,Whole,Experiment,4.483242511749268,Intact,0.9955464005470276
111,1576.jpg,C,conscious_aware,82,Exp_Second,Whole,Experiment,5.012141704559326,Intact,1.3198795318603516
102,1576.jpg,U,unconscious_unaware,315,Extra,Whole,Extra,4.823848247528076,Intact,4.223066329956055
103,1576.jpg,U,unconscious_unaware,84,Exp_Second,Whole,Experiment,-0.2611565887928009,Intact,1.9915577173233032
105,1576.jpg,U,unconscious_unaware,343,Extra,Whole,Extra,3.090247631072998,Intact,-0.18878190219402313
105,1576.jpg,U,unconscious_unaware,85,Exp_Second,Whole,Experiment,2.5151875019073486,Intact,-0.06214464455842972
115,1576.jpg,U,unconscious_unaware,116,Exp_Second,Whole,Experiment,-0.11386293172836304,Intact,0.35383152961730957
115,1576.jpg,U,unconscious_unaware,436,Extra,Whole,Extra,0.749621570110321,Intact,1.5457053184509277
102,1582.jpg,C,conscious_aware,6,Exp_First,Whole,Experiment,6.2986273765563965,Intact,3.3309414386749268
107,1582.jpg,C,conscious_aware,36,Exp_First,Whole,Experiment,1.8602288961410522,Intact,3.3460850715637207
111,1582.jpg,C,conscious_aware,39,Exp_First,Whole,Experiment,3.7413272857666016,Intact,3.814634084701538
115,1582.jpg,C,conscious_aware,119,Exp_Second,Whole,Experiment,3.0667333602905273,Intact,1.9490090608596802
116,1582.jpg,C,conscious_aware,73,Exp_Second,Whole,Experiment,3.152341842651367,Intact,0.9161639213562012
117,1582.jpg,C,conscious_aware,51,Exp_First,Whole,Experiment,,Intact,1.5840109586715698
103,1582.jpg,U,unconscious_aware,359,Extra,Whole,Extra,4.742952823638916,Intact,1.1658610105514526
108,1582.jpg,U,unconscious_aware,10,Exp_First,Whole,Experiment,3.0036864280700684,Intact,1.5018079280853271
103,1582.jpg,U,unconscious_unaware,40,Exp_First,Whole,Experiment,4.652007579803467,Intact,0.22855369746685028
113,1582.jpg,U,unconscious_unaware,1,Exp_First,Whole,Experiment,3.9822473526000977,Intact,0.5926045179367065
108,1607.jpg,U,unconscious_aware,305,Extra,Whole,Extra,1.7222901582717896,Intact,-0.29683786630630493
116,1607.jpg,U,unconscious_aware,312,Extra,Whole,Extra,1.0037546157836914,Intact,2.872070789337158
103,1621.jpg,U,unconscious_aware,335,Extra,Whole,Extra,1.4957667589187622,Intact,4.9712419509887695
108,1621.jpg,U,unconscious_aware,401,Extra,Whole,Extra,3.089914083480835,Intact,-0.07180232554674149
113,1621.jpg,U,unconscious_aware,307,Extra,Whole,Extra,4.64494514465332,Intact,1.5293229818344116
117,1621.jpg,U,unconscious_aware,304,Extra,Whole,Extra,,Intact,0.20158231258392334
102,1623.jpg,C,conscious_aware,36,Exp_First,Whole,Experiment,2.3169350624084473,Intact,0.5315310955047607
105,1623.jpg,C,conscious_aware,70,Exp_Second,Whole,Experiment,1.5676418542861938,Intact,2.487016201019287
115,1623.jpg,C,conscious_aware,2,Exp_First,Whole,Experiment,3.0281267166137695,Intact,-0.13694120943546295
117,1623.jpg,C,conscious_aware,74,Exp_First,Whole,Experiment,1.2704166173934937,Intact,0.9449315667152405
101,1623.jpg,U,unconscious_aware,422,Extra,Whole,Extra,3.0347676277160645,Intact,1.505457878112793
103,1623.jpg,U,unconscious_aware,338,Extra,Whole,Extra,5.937914848327637,Intact,2.891339063644409
108,1623.jpg,U,unconscious_aware,115,Exp_Second,Whole,Experiment,5.411096096038818,Intact,4.628479480743408
108,1623.jpg,U,unconscious_aware,427,Extra,Whole,Extra,0.09860333055257797,Intact,1.8085681200027466
119,1623.jpg,U,unconscious_aware,115,Exp_Second,Whole,Experiment,,Intact,1.3299753665924072
113,1623.jpg,U,unconscious_unaware,122,Exp_Second,Whole,Experiment,2.9947211742401123,Intact,3.0109493732452393
113,1623.jpg,U,unconscious_unaware,310,Extra,Whole,Extra,2.837918281555176,Intact,2.697169303894043
116,1623.jpg,U,unconscious_unaware,113,Exp_Second,Whole,Experiment,1.1774911880493164,Intact,1.1142164468765259
101,1624.jpg,C,conscious_aware,72,Exp_Second,Whole,Experiment,0.45113682746887207,Intact,4.0817365646362305
107,1624.jpg,C,conscious_aware,106,Exp_Second,Whole,Experiment,1.5876622200012207,Intact,2.1572024822235107
111,1624.jpg,C,conscious_aware,68,Exp_Second,Whole,Experiment,2.1619269847869873,Intact,5.601827144622803
117,1624.jpg,C,conscious_aware,70,Exp_First,Whole,Experiment,1.4220447540283203,Intact,2.080016851425171
119,1624.jpg,C,conscious_aware,74,Exp_Second,Whole,Experiment,3.5161845684051514,Intact,2.226269483566284
103,1624.jpg,U,unconscious_aware,439,Extra,Whole,Extra,-0.21277007460594177,Intact,1.2765443325042725
116,1624.jpg,U,unconscious_aware,68,Exp_First,Whole,Experiment,,Intact,-0.19226884841918945
102,1624.jpg,U,unconscious_unaware,68,Exp_Second,Whole,Experiment,-0.25655025243759155,Intact,2.836193323135376
103,1624.jpg,U,unconscious_unaware,78,Exp_Second,Whole,Experiment,-0.0925234705209732,Intact,2.13322114944458
105,1624.jpg,U,unconscious_unaware,370,Extra,Whole,Extra,,Intact,0.2510833144187927
115,1624.jpg,U,unconscious_unaware,372,Extra,Whole,Extra,,Intact,0.4975533187389374
116,1624.jpg,U,unconscious_unaware,410,Extra,Whole,Extra,-0.06772061437368393,Intact,1.2558848857879639
107,1626.jpg,C,conscious_aware,76,Exp_Second,Whole,Experiment,2.755091428756714,Intact,1.6861954927444458
111,1626.jpg,C,conscious_aware,107,Exp_Second,Whole,Experiment,2.0954482555389404,Intact,3.9747726917266846
116,1626.jpg,C,conscious_aware,113,Exp_Second,Whole,Experiment,0.5635136365890503,Intact,1.322074055671692
117,1626.jpg,C,conscious_aware,46,Exp_First,Whole,Experiment,2.8162357807159424,Intact,0.1117376759648323
103,1626.jpg,U,unconscious_aware,38,Exp_First,Whole,Experiment,4.687800884246826,Intact,3.059309720993042
108,1626.jpg,U,unconscious_aware,378,Extra,Whole,Extra,1.8944839239120483,Intact,0.230129212141037
108,1626.jpg,U,unconscious_aware,84,Exp_Second,Whole,Experiment,3.683525562286377,Intact,0.9988888502120972
105,1626.jpg,U,unconscious_unaware,80,Exp_Second,Whole,Experiment,3.7510364055633545,Intact,2.0706210136413574
113,1626.jpg,U,unconscious_unaware,304,Extra,Whole,Extra,3.1427879333496094,Intact,0.7953019738197327
114,1626.jpg,U,unconscious_unaware,11,Exp_First,Whole,Experiment,3.902851104736328,Intact,4.1607346534729
116,1626.jpg,U,unconscious_unaware,319,Extra,Whole,Extra,2.9041261672973633,Intact,2.218705415725708
102,1633.jpg,C,conscious_aware,114,Exp_Second,Whole,Experiment,3.4091999530792236,Intact,2.2448110580444336
105,1633.jpg,C,conscious_aware,16,Exp_First,Whole,Experiment,4.041943073272705,Intact,1.4545011520385742
107,1633.jpg,C,conscious_aware,101,Exp_Second,Whole,Experiment,4.036280155181885,Intact,0.0038791229017078876
108,1633.jpg,C,conscious_aware,59,Exp_First,Whole,Experiment,1.421560287475586,Intact,0.008531583473086357
116,1633.jpg,C,conscious_aware,20,Exp_First,Whole,Experiment,2.6351802349090576,Intact,1.482598900794983
117,1633.jpg,C,conscious_aware,129,Exp_Second,Whole,Experiment,4.024016857147217,Intact,1.5671807527542114
103,1633.jpg,U,unconscious_aware,365,Extra,Whole,Extra,3.4257547855377197,Intact,0.09992387145757675
117,1633.jpg,U,unconscious_aware,312,Extra,Whole,Extra,,Intact,1.7078896760940552
119,1633.jpg,U,unconscious_aware,367,Extra,Whole,Extra,,Intact,5.104999542236328
102,1633.jpg,U,unconscious_unaware,323,Extra,Whole,Extra,2.96492862701416,Intact,0.6261132955551147
105,1633.jpg,U,unconscious_unaware,355,Extra,Whole,Extra,2.726980686187744,Intact,-0.20233221352100372
115,1633.jpg,U,unconscious_unaware,42,Exp_First,Whole,Experiment,2.1404998302459717,Intact,2.304713010787964
101,1650.jpg,U,unconscious_unaware,441,Extra,Whole,Extra,4.016601085662842,Intact,1.7754826545715332
102,1650.jpg,U,unconscious_unaware,371,Extra,Whole,Extra,2.6426801681518555,Intact,2.9022693634033203
105,1650.jpg,U,unconscious_unaware,358,Extra,Whole,Extra,0.056028127670288086,Intact,0.4738098084926605
113,1650.jpg,U,unconscious_unaware,418,Extra,Whole,Extra,2.071106195449829,Intact,1.0517159700393677
115,1650.jpg,U,unconscious_unaware,446,Extra,Whole,Extra,1.156620979309082,Intact,1.2910704612731934
116,1650.jpg,U,unconscious_unaware,407,Extra,Whole,Extra,2.625448226928711,Intact,3.300233840942383
105,1653.jpg,C,conscious_aware,101,Exp_Second,Whole,Experiment,5.647956371307373,Intact,-0.17277100682258606
111,1653.jpg,C,conscious_aware,42,Exp_First,Whole,Experiment,4.071206092834473,Intact,0.8268164396286011
113,1653.jpg,C,conscious_aware,4,Exp_First,Whole,Experiment,1.7144625186920166,Intact,-0.17277100682258606
103,1653.jpg,U,unconscious_aware,433,Extra,Whole,Extra,,Intact,1.1121957302093506
117,1653.jpg,U,unconscious_aware,38,Exp_First,Whole,Experiment,2.323103904724121,Intact,-0.19700193405151367
102,1653.jpg,U,unconscious_unaware,107,Exp_Second,Whole,Experiment,4.003426551818848,Intact,0.3960498869419098
113,1653.jpg,U,unconscious_unaware,305,Extra,Whole,Extra,2.7857320308685303,Intact,-0.005233248230069876
116,1653.jpg,U,unconscious_unaware,372,Extra,Whole,Extra,-0.14306150376796722,Intact,2.080657958984375
101,1666.jpg,C,conscious_aware,93,Exp_Second,Whole,Experiment,5.579262733459473,Intact,4.0269975662231445
103,1666.jpg,C,conscious_aware,71,Exp_First,Whole,Experiment,0.07672936469316483,Intact,2.5451900959014893
107,1666.jpg,C,conscious_aware,52,Exp_First,Whole,Experiment,6.337462902069092,Intact,4.335025310516357
115,1666.jpg,C,conscious_aware,102,Exp_Second,Whole,Experiment,4.0902910232543945,Intact,6.46180534362793
117,1666.jpg,C,conscious_aware,104,Exp_Second,Whole,Experiment,4.6214704513549805,Intact,1.187728762626648
108,1666.jpg,U,unconscious_aware,22,Exp_First,Whole,Experiment,3.5409412384033203,Intact,1.1320834159851074
116,1666.jpg,U,unconscious_aware,27,Exp_First,Whole,Experiment,4.9942307472229,Intact,3.998067617416382
119,1666.jpg,U,unconscious_aware,395,Extra,Whole,Extra,2.041322708129883,Intact,2.3691670894622803
119,1666.jpg,U,unconscious_aware,44,Exp_First,Whole,Experiment,-0.2579776644706726,Intact,0.03272285684943199
101,1666.jpg,U,unconscious_unaware,437,Extra,Whole,Extra,3.295908212661743,Intact,3.119037628173828
102,1666.jpg,U,unconscious_unaware,364,Extra,Whole,Extra,2.786557912826538,Intact,1.7239824533462524
103,1666.jpg,U,unconscious_unaware,326,Extra,Whole,Extra,3.289539098739624,Intact,1.464029312133789
113,1666.jpg,U,unconscious_unaware,446,Extra,Whole,Extra,1.8066339492797852,Intact,1.3322460651397705
113,1666.jpg,U,unconscious_unaware,71,Exp_First,Whole,Experiment,3.9648566246032715,Intact,0.2155136913061142
116,1666.jpg,U,unconscious_unaware,420,Extra,Whole,Extra,0.6862578988075256,Intact,1.350478172302246
102,1669.jpg,C,conscious_aware,124,Exp_Second,Whole,Experiment,,Intact,1.7609840631484985
116,1669.jpg,C,conscious_aware,87,Exp_Second,Whole,Experiment,0.16978102922439575,Intact,2.360064744949341
117,1669.jpg,C,conscious_aware,47,Exp_First,Whole,Experiment,1.66425621509552,Intact,0.41833022236824036
103,1669.jpg,U,unconscious_aware,321,Extra,Whole,Extra,,Intact,1.494423747062683
108,1669.jpg,U,unconscious_aware,119,Exp_Second,Whole,Experiment,0.819875955581665,Intact,0.4839439392089844
117,1669.jpg,U,unconscious_aware,378,Extra,Whole,Extra,,Intact,1.6342297792434692
101,1669.jpg,U,unconscious_unaware,116,Exp_Second,Whole,Experiment,0.5470761656761169,Intact,0.5454399585723877
102,1669.jpg,U,unconscious_unaware,388,Extra,Whole,Extra,0.8254837989807129,Intact,1.9614638090133667
105,1669.jpg,U,unconscious_unaware,350,Extra,Whole,Extra,2.4873979091644287,Intact,0.590608537197113
102,1674.jpg,C,conscious_aware,1,Exp_First,Whole,Experiment,4.021976470947266,Intact,0.026791544631123543
107,1674.jpg,C,conscious_aware,68,Exp_Second,Whole,Experiment,2.444711923599243,Intact,2.2498819828033447
115,1674.jpg,C,conscious_aware,101,Exp_Second,Whole,Experiment,2.473644495010376,Intact,1.354662299156189
117,1674.jpg,C,conscious_aware,68,Exp_First,Whole,Experiment,1.058148980140686,Intact,0.9752294421195984
103,1674.jpg,U,unconscious_aware,437,Extra,Whole,Extra,1.0061209201812744,Intact,4.66677713394165
116,1674.jpg,U,unconscious_aware,2,Exp_First,Whole,Experiment,2.9966881275177,Intact,2.7531063556671143
119,1674.jpg,U,unconscious_aware,71,Exp_First,Whole,Experiment,,Intact,4.2788310050964355
113,1674.jpg,U,unconscious_unaware,35,Exp_First,Whole,Experiment,0.1497832089662552,Intact,2.9956812858581543
116,1674.jpg,U,unconscious_unaware,336,Extra,Whole,Extra,3.039811611175537,Intact,2.385833740234375
111,1680.jpg,C,conscious_aware,99,Exp_Second,Whole,Experiment,1.3842469453811646,Intact,7.045701503753662
113,1680.jpg,C,conscious_aware,58,Exp_First,Whole,Experiment,0.6923884153366089,Intact,-0.22912439703941345
115,1680.jpg,C,conscious_aware,99,Exp_Second,Whole,Experiment,0.2932871878147125,Intact,1.3713288307189941
103,1680.jpg,U,unconscious_aware,97,Exp_Second,Whole,Experiment,6.49210262298584,Intact,6.1355881690979
108,1680.jpg,U,unconscious_aware,450,Extra,Whole,Extra,2.6253764629364014,Intact,-0.10599938035011292
108,1680.jpg,U,unconscious_aware,95,Exp_Second,Whole,Experiment,0.409336656332016,Intact,5.512767791748047
119,1680.jpg,U,unconscious_aware,128,Exp_Second,Whole,Experiment,5.658746242523193,Intact,0.07491283863782883
101,1680.jpg,U,unconscious_unaware,393,Extra,Whole,Extra,5.575817584991455,Intact,6.922973155975342
115,1680.jpg,U,unconscious_unaware,431,Extra,Whole,Extra,5.667343616485596,Intact,0.13790254294872284
116,1680.jpg,U,unconscious_unaware,118,Exp_Second,Whole,Experiment,0.7855002284049988,Intact,0.16604827344417572
102,1693.jpg,C,conscious_aware,121,Exp_Second,Whole,Experiment,3.9651236534118652,Intact,0.544037938117981
103,1693.jpg,C,conscious_aware,112,Exp_Second,Whole,Experiment,4.579778671264648,Intact,5.486518859863281
105,1693.jpg,C,conscious_aware,120,Exp_Second,Whole,Experiment,3.9804017543792725,Intact,3.7466583251953125
107,1693.jpg,C,conscious_aware,42,Exp_First,Whole,Experiment,6.1185736656188965,Intact,4.074385643005371
116,1693.jpg,C,conscious_aware,18,Exp_First,Whole,Experiment,2.936486005783081,Intact,2.136112928390503
115,1693.jpg,U,unconscious_unaware,16,Exp_First,Whole,Experiment,,Intact,3.4461536407470703
115,1693.jpg,U,unconscious_unaware,382,Extra,Whole,Extra,,Intact,0.7454567551612854
103,1694.jpg,C,conscious_aware,102,Exp_Second,Whole,Experiment,1.7174001932144165,Intact,4.980685710906982
107,1694.jpg,C,conscious_aware,25,Exp_First,Whole,Experiment,4.605062007904053,Intact,3.784741163253784
108,1694.jpg,C,conscious_aware,102,Exp_Second,Whole,Experiment,3.855844020843506,Intact,4.928798198699951
116,1694.jpg,C,conscious_aware,91,Exp_Second,Whole,Experiment,1.8240514993667603,Intact,3.893610715866089
102,1694.jpg,U,unconscious_unaware,45,Exp_First,Whole,Experiment,2.4791672229766846,Intact,3.1634910106658936
114,1694.jpg,U,unconscious_unaware,50,Exp_First,Whole,Experiment,2.107329845428467,Intact,0.2649797201156616
115,1694.jpg,U,unconscious_unaware,344,Extra,Whole,Extra,-0.06273183226585388,Intact,0.7912914156913757
115,1694.jpg,U,unconscious_unaware,80,Exp_Second,Whole,Experiment,2.129833698272705,Intact,1.640783667564392
108,1700.jpg,U,unconscious_aware,398,Extra,Whole,Extra,2.052443027496338,Intact,3.360476493835449
119,1700.jpg,U,unconscious_aware,432,Extra,Whole,Extra,2.0053508281707764,Intact,0.014613723382353783
113,1700.jpg,U,unconscious_unaware,380,Extra,Whole,Extra,3.018528938293457,Intact,-0.2664047181606293
116,1700.jpg,U,unconscious_unaware,426,Extra,Whole,Extra,3.6804099082946777,Intact,1.599972128868103
108,1001.jpg,U,unconscious_aware,440,Extra,Whole,Extra,1.8183355331420898,Scrambled,
117,1001.jpg,U,unconscious_aware,437,Extra,Whole,Extra,,Scrambled,
113,1001.jpg,U,unconscious_unaware,379,Extra,Whole,Extra,0.6941614747047424,Scrambled,
115,1001.jpg,U,unconscious_unaware,441,Extra,Whole,Extra,1.4869633913040161,Scrambled,
115,1002.jpg,C,conscious_aware,57,Exp_First,Whole,Experiment,0.20159225165843964,Scrambled,1.0434880256652832
119,1002.jpg,C,conscious_aware,19,Exp_First,Whole,Experiment,0.16268301010131836,Scrambled,-0.17506805062294006
108,1002.jpg,U,unconscious_aware,128,Exp_Second,Whole,Experiment,3.2689058780670166,Scrambled,-0.12814681231975555
117,1002.jpg,U,unconscious_aware,444,Extra,Whole,Extra,,Scrambled,2.0219333171844482
117,1002.jpg,U,unconscious_aware,55,Exp_First,Whole,Experiment,1.81887686252594,Scrambled,0.47835981845855713
119,1002.jpg,U,unconscious_aware,441,Extra,Whole,Extra,3.8685073852539062,Scrambled,-0.20405222475528717
102,1002.jpg,U,unconscious_unaware,121,Exp_Second,Whole,Experiment,3.414341688156128,Scrambled,-0.20394375920295715
103,1002.jpg,U,unconscious_unaware,125,Exp_Second,Whole,Experiment,2.1614980697631836,Scrambled,0.4785442054271698
113,1002.jpg,U,unconscious_unaware,358,Extra,Whole,Extra,3.929805278778076,Scrambled,-0.08148721605539322
113,1002.jpg,U,unconscious_unaware,78,Exp_Second,Whole,Experiment,3.7225658893585205,Scrambled,0.020833084359765053
116,1002.jpg,U,unconscious_unaware,393,Extra,Whole,Extra,1.7620381116867065,Scrambled,-0.16442705690860748
101,1004.jpg,C,conscious_aware,83,Exp_Second,Whole,Experiment,9.261635780334473,Scrambled,4.660880088806152
102,1004.jpg,C,conscious_aware,12,Exp_First,Whole,Experiment,10.69049072265625,Scrambled,3.129619836807251
103,1004.jpg,C,conscious_aware,107,Exp_Second,Whole,Experiment,3.475318193435669,Scrambled,3.953737497329712
107,1004.jpg,C,conscious_aware,9,Exp_First,Whole,Experiment,6.662714958190918,Scrambled,-0.18922549486160278
111,1004.jpg,C,conscious_aware,47,Exp_First,Whole,Experiment,4.61659049987793,Scrambled,-0.10637149959802628
108,1004.jpg,U,unconscious_aware,106,Exp_Second,Whole,Experiment,4.714378833770752,Scrambled,-0.043063633143901825
117,1004.jpg,U,unconscious_aware,443,Extra,Whole,Extra,5.430719375610352,Scrambled,-0.016457533463835716
119,1004.jpg,U,unconscious_aware,113,Exp_Second,Whole,Experiment,,Scrambled,0.018901517614722252
119,1004.jpg,U,unconscious_aware,410,Extra,Whole,Extra,0.9902830123901367,Scrambled,2.1038858890533447
102,1004.jpg,U,unconscious_unaware,387,Extra,Whole,Extra,5.124472141265869,Scrambled,1.6968507766723633
113,1004.jpg,U,unconscious_unaware,342,Extra,Whole,Extra,6.71626091003418,Scrambled,2.3279011249542236
115,1004.jpg,U,unconscious_unaware,113,Exp_Second,Whole,Experiment,1.5027244091033936,Scrambled,1.61366605758667
115,1004.jpg,U,unconscious_unaware,309,Extra,Whole,Extra,1.8457973003387451,Scrambled,4.642897605895996
116,1004.jpg,U,unconscious_unaware,377,Extra,Whole,Extra,1.672311782836914,Scrambled,0.9247682690620422
117,1004.jpg,U,unconscious_unaware,19,Exp_First,Whole,Experiment,,Scrambled,0.05909396708011627
107,1005.jpg,C,conscious_aware,73,Exp_Second,Whole,Experiment,3.573514699935913,Scrambled,3.3657240867614746
113,1005.jpg,C,conscious_aware,37,Exp_First,Whole,Experiment,7.449141979217529,Scrambled,0.0380762442946434
116,1005.jpg,C,conscious_aware,37,Exp_First,Whole,Experiment,,Scrambled,-0.24810492992401123
117,1005.jpg,C,conscious_aware,38,Exp_First,Whole,Experiment,-0.13266628980636597,Scrambled,2.4334816932678223
108,1005.jpg,U,unconscious_aware,37,Exp_First,Whole,Experiment,7.916856288909912,Scrambled,2.123551607131958
108,1005.jpg,U,unconscious_aware,372,Extra,Whole,Extra,1.5225059986114502,Scrambled,11.048506736755371
102,1005.jpg,U,unconscious_unaware,345,Extra,Whole,Extra,7.062058448791504,Scrambled,2.2029738426208496
105,1005.jpg,U,unconscious_unaware,72,Exp_Second,Whole,Experiment,9.871986389160156,Scrambled,4.829367637634277
116,1005.jpg,U,unconscious_unaware,342,Extra,Whole,Extra,2.042266607284546,Scrambled,6.5909552574157715
117,1005.jpg,U,unconscious_unaware,402,Extra,Whole,Extra,,Scrambled,-0.13694071769714355
101,1006.jpg,C,conscious_aware,29,Exp_First,Whole,Experiment,7.458869457244873,Scrambled,4.066450119018555
102,1006.jpg,C,conscious_aware,127,Exp_Second,Whole,Experiment,4.964271068572998,Scrambled,2.143455982208252
105,1006.jpg,C,conscious_aware,131,Exp_Second,Whole,Experiment,7.368780136108398,Scrambled,8.294737815856934
113,1006.jpg,C,conscious_aware,93,Exp_Second,Whole,Experiment,8.156648635864258,Scrambled,2.6815743446350098
117,1006.jpg,C,conscious_aware,118,Exp_Second,Whole,Experiment,,Scrambled,-0.12670296430587769
119,1006.jpg,C,conscious_aware,25,Exp_First,Whole,Experiment,0.21534021198749542,Scrambled,-0.13717974722385406
108,1006.jpg,U,unconscious_aware,31,Exp_First,Whole,Experiment,3.3124051094055176,Scrambled,3.7052230834960938
108,1006.jpg,U,unconscious_aware,451,Extra,Whole,Extra,0.6167577505111694,Scrambled,3.3724825382232666
115,1006.jpg,U,unconscious_unaware,425,Extra,Whole,Extra,2.1717796325683594,Scrambled,2.8443667888641357
115,1006.jpg,U,unconscious_unaware,64,Exp_First,Whole,Experiment,3.1344947814941406,Scrambled,2.8493781089782715
102,1008.jpg,C,conscious_aware,80,Exp_Second,Whole,Experiment,5.167876720428467,Scrambled,1.5555959939956665
103,1008.jpg,C,conscious_aware,46,Exp_First,Whole,Experiment,2.591892957687378,Scrambled,0.2281263917684555
105,1008.jpg,C,conscious_aware,77,Exp_Second,Whole,Experiment,7.153016090393066,Scrambled,2.926643133163452
107,1008.jpg,C,conscious_aware,115,Exp_Second,Whole,Experiment,4.569456577301025,Scrambled,-0.16056904196739197
115,1008.jpg,C,conscious_aware,70,Exp_Second,Whole,Experiment,6.4662556648254395,Scrambled,2.104213237762451
116,1008.jpg,C,conscious_aware,7,Exp_First,Whole,Experiment,0.5629295110702515,Scrambled,1.174092411994934
101,1008.jpg,U,unconscious_unaware,111,Exp_Second,Whole,Experiment,8.773371696472168,Scrambled,4.311159133911133
101,1008.jpg,U,unconscious_unaware,343,Extra,Whole,Extra,2.6060471534729004,Scrambled,7.086411952972412
105,1008.jpg,U,unconscious_unaware,411,Extra,Whole,Extra,3.974529266357422,Scrambled,5.60718297958374
113,1008.jpg,U,unconscious_unaware,321,Extra,Whole,Extra,4.037655830383301,Scrambled,0.2899385392665863
119,1008.jpg,U,unconscious_unaware,418,Extra,Whole,Extra,,Scrambled,1.73219633102417
108,1009.jpg,C,conscious_aware,25,Exp_First,Whole,Experiment,0.9798780679702759,Scrambled,1.4312342405319214
111,1009.jpg,C,conscious_aware,91,Exp_Second,Whole,Experiment,3.917950391769409,Scrambled,1.0755059719085693
113,1009.jpg,C,conscious_aware,22,Exp_First,Whole,Experiment,,Scrambled,4.785529136657715
117,1009.jpg,C,conscious_aware,128,Exp_Second,Whole,Experiment,-0.16023682057857513,Scrambled,5.454750061035156
103,1009.jpg,U,unconscious_aware,449,Extra,Whole,Extra,0.031183669343590736,Scrambled,-0.22145584225654602
117,1009.jpg,U,unconscious_aware,356,Extra,Whole,Extra,,Scrambled,-0.10899293422698975
101,1009.jpg,U,unconscious_unaware,433,Extra,Whole,Extra,3.8542702198028564,Scrambled,4.416350364685059
116,1009.jpg,U,unconscious_unaware,59,Exp_First,Whole,Experiment,1.7302846908569336,Scrambled,1.0555118322372437
119,1009.jpg,U,unconscious_unaware,333,Extra,Whole,Extra,7.479215145111084,Scrambled,0.2812766134738922
102,1010.jpg,C,conscious_aware,13,Exp_First,Whole,Experiment,0.5772616267204285,Scrambled,2.0532054901123047
103,1010.jpg,C,conscious_aware,113,Exp_Second,Whole,Experiment,0.3211974799633026,Scrambled,3.2801055908203125
108,1010.jpg,C,conscious_aware,125,Exp_Second,Whole,Experiment,2.1786141395568848,Scrambled,1.8728346824645996
116,1010.jpg,C,conscious_aware,101,Exp_Second,Whole,Experiment,1.4543142318725586,Scrambled,0.9117264747619629
103,1010.jpg,U,unconscious_aware,419,Extra,Whole,Extra,2.1857025623321533,Scrambled,0.8932810425758362
117,1010.jpg,U,unconscious_aware,113,Exp_Second,Whole,Experiment,,Scrambled,-0.17125017940998077
117,1010.jpg,U,unconscious_aware,322,Extra,Whole,Extra,2.6236941814422607,Scrambled,2.199596643447876
119,1010.jpg,U,unconscious_aware,371,Extra,Whole,Extra,,Scrambled,-0.17125016450881958
101,1010.jpg,U,unconscious_unaware,48,Exp_First,Whole,Experiment,1.602232813835144,Scrambled,0.562317967414856
105,1010.jpg,U,unconscious_unaware,107,Exp_Second,Whole,Experiment,1.4715207815170288,Scrambled,-0.17125016450881958
115,1010.jpg,U,unconscious_unaware,84,Exp_Second,Whole,Experiment,1.5547959804534912,Scrambled,1.481127381324768
116,1010.jpg,U,unconscious_unaware,400,Extra,Whole,Extra,3.0817644596099854,Scrambled,3.8276548385620117
119,1010.jpg,U,unconscious_unaware,83,Exp_First,Whole,Experiment,1.3276487588882446,Scrambled,-0.17125016450881958
107,1012.jpg,C,conscious_aware,78,Exp_Second,Whole,Experiment,4.2240376472473145,Scrambled,-0.1391013115644455
111,1012.jpg,C,conscious_aware,35,Exp_First,Whole,Experiment,1.6512951850891113,Scrambled,0.8500821590423584
115,1012.jpg,C,conscious_aware,72,Exp_Second,Whole,Experiment,2.8226780891418457,Scrambled,4.40626335144043
117,1012.jpg,C,conscious_aware,108,Exp_Second,Whole,Experiment,1.890140175819397,Scrambled,4.836249351501465
101,1012.jpg,U,unconscious_aware,444,Extra,Whole,Extra,6.421682834625244,Scrambled,2.2883400917053223
103,1012.jpg,U,unconscious_aware,106,Exp_Second,Whole,Experiment,0.22761008143424988,Scrambled,5.551591396331787
108,1012.jpg,U,unconscious_aware,100,Exp_Second,Whole,Experiment,6.590686321258545,Scrambled,-0.1221485510468483
117,1012.jpg,U,unconscious_aware,355,Extra,Whole,Extra,,Scrambled,0.7285701036453247
119,1012.jpg,U,unconscious_aware,37,Exp_First,Whole,Experiment,,Scrambled,0.4310070872306824
119,1012.jpg,U,unconscious_aware,435,Extra,Whole,Extra,8.109394073486328,Scrambled,0.22892354428768158
102,1012.jpg,U,unconscious_unaware,48,Exp_First,Whole,Experiment,3.302576780319214,Scrambled,5.120427131652832
105,1012.jpg,U,unconscious_unaware,10,Exp_First,Whole,Experiment,,Scrambled,2.225785255432129
105,1012.jpg,U,unconscious_unaware,388,Extra,Whole,Extra,0.9331517815589905,Scrambled,0.17163817584514618
116,1012.jpg,U,unconscious_unaware,104,Exp_Second,Whole,Experiment,7.976986885070801,Scrambled,1.4477359056472778
116,1012.jpg,U,unconscious_unaware,371,Extra,Whole,Extra,6.541313648223877,Scrambled,0.9510243535041809
103,1013.jpg,C,conscious_aware,109,Exp_Second,Whole,Experiment,4.234238147735596,Scrambled,4.048668384552002
117,1013.jpg,C,conscious_aware,43,Exp_First,Whole,Experiment,,Scrambled,1.5271962881088257
103,1013.jpg,U,unconscious_aware,325,Extra,Whole,Extra,,Scrambled,-0.18563903868198395
117,1013.jpg,U,unconscious_aware,352,Extra,Whole,Extra,,Scrambled,0.9140517115592957
119,1013.jpg,U,unconscious_aware,85,Exp_First,Whole,Experiment,-0.1928323656320572,Scrambled,-0.18563903868198395
101,1013.jpg,U,unconscious_unaware,401,Extra,Whole,Extra,-0.1683565229177475,Scrambled,-0.18563903868198395
102,1013.jpg,U,unconscious_unaware,103,Exp_Second,Whole,Experiment,2.790003776550293,Scrambled,5.473080635070801
105,1013.jpg,U,unconscious_unaware,74,Exp_Second,Whole,Experiment,5.601489067077637,Scrambled,-0.18563903868198395
113,1013.jpg,U,unconscious_unaware,10,Exp_First,Whole,Experiment,3.0628020763397217,Scrambled,5.407963275909424
103,1014.jpg,C,conscious_aware,68,Exp_First,Whole,Experiment,5.646856307983398,Scrambled,1.0906357765197754
105,1014.jpg,C,conscious_aware,39,Exp_First,Whole,Experiment,,Scrambled,-0.1118440181016922
115,1014.jpg,C,conscious_aware,37,Exp_First,Whole,Experiment,3.319364309310913,Scrambled,1.9721496105194092
119,1014.jpg,C,conscious_aware,105,Exp_Second,Whole,Experiment,,Scrambled,0.7828940749168396
108,1014.jpg,U,unconscious_aware,2,Exp_First,Whole,Experiment,3.448974609375,Scrambled,1.1626440286636353
116,1014.jpg,U,unconscious_aware,38,Exp_First,Whole,Experiment,1.483191728591919,Scrambled,2.720864772796631
117,1014.jpg,U,unconscious_aware,409,Extra,Whole,Extra,,Scrambled,0.2740124762058258
119,1014.jpg,U,unconscious_aware,302,Extra,Whole,Extra,,Scrambled,-0.2426297813653946
101,1014.jpg,U,unconscious_unaware,101,Exp_Second,Whole,Experiment,1.0591411590576172,Scrambled,0.4249415993690491
101,1014.jpg,U,unconscious_unaware,346,Extra,Whole,Extra,4.262986660003662,Scrambled,0.8439639210700989
102,1014.jpg,U,unconscious_unaware,81,Exp_Second,Whole,Experiment,0.8170151114463806,Scrambled,5.254616737365723
115,1014.jpg,U,unconscious_unaware,340,Extra,Whole,Extra,1.4004669189453125,Scrambled,1.5920103788375854
117,1014.jpg,U,unconscious_unaware,3,Exp_First,Whole,Experiment,,Scrambled,-0.155409038066864
102,1015.jpg,C,conscious_aware,3,Exp_First,Whole,Experiment,3.120276689529419,Scrambled,-0.1650933474302292
107,1015.jpg,C,conscious_aware,70,Exp_Second,Whole,Experiment,1.37859308719635,Scrambled,-0.1650933474302292
111,1015.jpg,C,conscious_aware,2,Exp_First,Whole,Experiment,4.14393424987793,Scrambled,-0.1650933474302292
113,1015.jpg,C,conscious_aware,108,Exp_Second,Whole,Experiment,1.6980615854263306,Scrambled,-0.1525738388299942
115,1015.jpg,C,conscious_aware,107,Exp_Second,Whole,Experiment,2.197697877883911,Scrambled,0.7070462107658386
103,1015.jpg,U,unconscious_aware,403,Extra,Whole,Extra,,Scrambled,-0.06826663017272949
108,1015.jpg,U,unconscious_aware,107,Exp_Second,Whole,Experiment,4.4399309158325195,Scrambled,7.2850022315979
101,1015.jpg,U,unconscious_unaware,109,Exp_Second,Whole,Experiment,0.5915517807006836,Scrambled,2.0945663452148438
105,1015.jpg,U,unconscious_unaware,104,Exp_Second,Whole,Experiment,2.2429726123809814,Scrambled,0.7403940558433533
105,1015.jpg,U,unconscious_unaware,378,Extra,Whole,Extra,2.982916831970215,Scrambled,0.48562386631965637
113,1015.jpg,U,unconscious_unaware,335,Extra,Whole,Extra,2.7903575897216797,Scrambled,7.8788838386535645
103,1016.jpg,U,unconscious_aware,313,Extra,Whole,Extra,,Scrambled,-0.11689633876085281
116,1016.jpg,U,unconscious_aware,302,Extra,Whole,Extra,-0.1308855265378952,Scrambled,6.288968086242676
103,1019.jpg,C,conscious_aware,103,Exp_Second,Whole,Experiment,2.553612470626831,Scrambled,-0.10764551162719727
108,1019.jpg,C,conscious_aware,46,Exp_First,Whole,Experiment,2.226609706878662,Scrambled,-0.11533886194229126
114,1019.jpg,C,conscious_aware,111,Exp_Second,Whole,Experiment,,Scrambled,-0.11533886194229126
115,1019.jpg,C,conscious_aware,116,Exp_Second,Whole,Experiment,2.5937631130218506,Scrambled,4.146907329559326
116,1019.jpg,C,conscious_aware,15,Exp_First,Whole,Experiment,0.1231231689453125,Scrambled,-0.11533886194229126
108,1019.jpg,U,unconscious_aware,375,Extra,Whole,Extra,1.3302295207977295,Scrambled,0.24896498024463654
117,1019.jpg,U,unconscious_aware,442,Extra,Whole,Extra,11.095071792602539,Scrambled,2.256159782409668
119,1019.jpg,U,unconscious_aware,101,Exp_Second,Whole,Experiment,,Scrambled,0.7127103805541992
101,1019.jpg,U,unconscious_unaware,44,Exp_First,Whole,Experiment,9.400591850280762,Scrambled,0.6574853658676147
102,1019.jpg,U,unconscious_unaware,44,Exp_First,Whole,Experiment,4.083502292633057,Scrambled,3.0921480655670166
105,1019.jpg,U,unconscious_unaware,345,Extra,Whole,Extra,6.513488292694092,Scrambled,1.169674038887024
105,1019.jpg,U,unconscious_unaware,46,Exp_First,Whole,Experiment,10.13557243347168,Scrambled,5.299088954925537
117,1021.jpg,U,unconscious_aware,370,Extra,Whole,Extra,,Scrambled,0.13469412922859192
119,1021.jpg,U,unconscious_aware,370,Extra,Whole,Extra,,Scrambled,0.27596861124038696
102,1021.jpg,U,unconscious_unaware,335,Extra,Whole,Extra,,Scrambled,3.6093146800994873
113,1021.jpg,U,unconscious_unaware,409,Extra,Whole,Extra,1.4351422786712646,Scrambled,3.6413848400115967
115,1021.jpg,U,unconscious_unaware,370,Extra,Whole,Extra,2.642543315887451,Scrambled,3.2698161602020264
116,1021.jpg,U,unconscious_unaware,306,Extra,Whole,Extra,4.0220441818237305,Scrambled,1.1370346546173096
101,1022.jpg,C,conscious_aware,61,Exp_Second,Whole,Experiment,2.265275239944458,Scrambled,0.05104406177997589
102,1022.jpg,C,conscious_aware,125,Exp_Second,Whole,Experiment,3.155697822570801,Scrambled,1.8539187908172607
103,1022.jpg,C,conscious_aware,120,Exp_Second,Whole,Experiment,2.8913216590881348,Scrambled,0.8323531150817871
111,1022.jpg,C,conscious_aware,127,Exp_Second,Whole,Experiment,2.9927070140838623,Scrambled,0.7285378575325012
116,1022.jpg,C,conscious_aware,77,Exp_Second,Whole,Experiment,3.0905537605285645,Scrambled,0.258025586605072
119,1022.jpg,C,conscious_aware,128,Exp_Second,Whole,Experiment,4.67192268371582,Scrambled,0.24069719016551971
103,1022.jpg,U,unconscious_aware,431,Extra,Whole,Extra,2.1601831912994385,Scrambled,-0.24857313930988312
108,1022.jpg,U,unconscious_aware,79,Exp_Second,Whole,Experiment,2.5933268070220947,Scrambled,4.007122039794922
101,1022.jpg,U,unconscious_unaware,432,Extra,Whole,Extra,3.7852776050567627,Scrambled,2.2725932598114014
105,1022.jpg,U,unconscious_unaware,127,Exp_Second,Whole,Experiment,4.060206890106201,Scrambled,1.067486047744751
113,1022.jpg,U,unconscious_unaware,64,Exp_First,Whole,Experiment,3.1865639686584473,Scrambled,5.615882873535156
114,1022.jpg,U,unconscious_unaware,95,Exp_Second,Whole,Experiment,,Scrambled,0.6448908448219299
116,1022.jpg,U,unconscious_unaware,359,Extra,Whole,Extra,0.7441446781158447,Scrambled,5.374767303466797
117,1022.jpg,U,unconscious_unaware,52,Exp_First,Whole,Experiment,4.289027214050293,Scrambled,1.5393799543380737
105,1024.jpg,C,conscious_aware,5,Exp_First,Whole,Experiment,,Scrambled,-0.08790181577205658
111,1024.jpg,C,conscious_aware,62,Exp_First,Whole,Experiment,,Scrambled,-0.15065915882587433
116,1024.jpg,C,conscious_aware,125,Exp_Second,Whole,Experiment,,Scrambled,0.39139673113822937
119,1024.jpg,C,conscious_aware,30,Exp_First,Whole,Experiment,-0.11533886939287186,Scrambled,1.534019947052002
108,1024.jpg,U,unconscious_aware,391,Extra,Whole,Extra,6.1038923263549805,Scrambled,0.45314764976501465
108,1024.jpg,U,unconscious_aware,60,Exp_First,Whole,Experiment,2.430666446685791,Scrambled,1.9783917665481567
102,1024.jpg,U,unconscious_unaware,127,Exp_Second,Whole,Experiment,1.7520825862884521,Scrambled,1.6708120107650757
103,1024.jpg,U,unconscious_unaware,129,Exp_Second,Whole,Experiment,2.7294139862060547,Scrambled,1.348454475402832
117,1024.jpg,U,unconscious_unaware,64,Exp_Second,Whole,Experiment,1.9884694814682007,Scrambled,0.8371539115905762
107,1028.jpg,C,conscious_aware,16,Exp_First,Whole,Experiment,,Scrambled,2.3524539470672607
108,1028.jpg,C,conscious_aware,28,Exp_First,Whole,Experiment,0.13745416700839996,Scrambled,-0.2339862585067749
111,1028.jpg,C,conscious_aware,128,Exp_Second,Whole,Experiment,-0.15832260251045227,Scrambled,-0.2339862585067749
116,1028.jpg,U,unconscious_aware,62,Exp_First,Whole,Experiment,1.1563029289245605,Scrambled,-0.2016909271478653
119,1028.jpg,U,unconscious_aware,443,Extra,Whole,Extra,,Scrambled,-0.2016909271478653
102,1028.jpg,U,unconscious_unaware,113,Exp_Second,Whole,Experiment,2.4459807872772217,Scrambled,2.6029186248779297
105,1028.jpg,U,unconscious_unaware,329,Extra,Whole,Extra,0.07820834964513779,Scrambled,-0.2016909271478653
113,1028.jpg,U,unconscious_unaware,45,Exp_First,Whole,Experiment,1.206337332725525,Scrambled,4.734359264373779
115,1028.jpg,U,unconscious_unaware,100,Exp_Second,Whole,Experiment,2.7903380393981934,Scrambled,0.7450804710388184
115,1028.jpg,U,unconscious_unaware,365,Extra,Whole,Extra,1.8878833055496216,Scrambled,-0.058771535754203796
119,1028.jpg,U,unconscious_unaware,98,Exp_Second,Whole,Experiment,1.3138327598571777,Scrambled,-0.2016909271478653
103,1031.jpg,U,unconscious_aware,347,Extra,Whole,Extra,,Scrambled,6.962625503540039
108,1031.jpg,U,unconscious_aware,348,Extra,Whole,Extra,2.67053484916687,Scrambled,3.5668931007385254
102,1034.jpg,C,conscious_aware,97,Exp_Second,Whole,Experiment,0.9078508615493774,Scrambled,0.7970644235610962
108,1034.jpg,C,conscious_aware,67,Exp_Second,Whole,Experiment,1.2090494632720947,Scrambled,-0.011094577610492706
103,1034.jpg,U,unconscious_aware,52,Exp_First,Whole,Experiment,5.682943344116211,Scrambled,2.621067762374878
117,1034.jpg,U,unconscious_aware,327,Extra,Whole,Extra,0.5104841589927673,Scrambled,-0.1649165153503418
119,1034.jpg,U,unconscious_aware,130,Exp_Second,Whole,Experiment,3.0000839233398438,Scrambled,-0.16499514877796173
119,1034.jpg,U,unconscious_aware,325,Extra,Whole,Extra,5.3170366287231445,Scrambled,-0.16499514877796173
101,1034.jpg,U,unconscious_unaware,112,Exp_Second,Whole,Experiment,5.436752796173096,Scrambled,0.6757679581642151
115,1034.jpg,U,unconscious_unaware,330,Extra,Whole,Extra,-0.22970008850097656,Scrambled,0.3340543210506439
116,1034.jpg,U,unconscious_unaware,93,Exp_Second,Whole,Experiment,4.143427848815918,Scrambled,1.617060899734497
103,1042.jpg,C,conscious_aware,78,Exp_Second,Whole,Experiment,5.0491437911987305,Scrambled,
107,1042.jpg,C,conscious_aware,46,Exp_First,Whole,Experiment,4.920322895050049,Scrambled,
108,1042.jpg,C,conscious_aware,108,Exp_Second,Whole,Experiment,-0.2239949256181717,Scrambled,
115,1042.jpg,C,conscious_aware,23,Exp_First,Whole,Experiment,1.751952052116394,Scrambled,
117,1042.jpg,C,conscious_aware,73,Exp_First,Whole,Experiment,3.553731679916382,Scrambled,
101,1042.jpg,U,unconscious_aware,353,Extra,Whole,Extra,2.0610198974609375,Scrambled,1.9696346521377563
103,1042.jpg,U,unconscious_aware,328,Extra,Whole,Extra,6.295034885406494,Scrambled,2.51993465423584
108,1042.jpg,U,unconscious_aware,357,Extra,Whole,Extra,4.046819686889648,Scrambled,2.532902240753174
101,1042.jpg,U,unconscious_unaware,49,Exp_First,Whole,Experiment,5.619018077850342,Scrambled,1.051068902015686
102,1042.jpg,U,unconscious_unaware,118,Exp_Second,Whole,Experiment,3.5205600261688232,Scrambled,2.455535411834717
105,1042.jpg,U,unconscious_unaware,89,Exp_Second,Whole,Experiment,2.937995195388794,Scrambled,-0.04932626336812973
116,1042.jpg,U,unconscious_unaware,21,Exp_First,Whole,Experiment,5.255918025970459,Scrambled,0.926314115524292
119,1042.jpg,U,unconscious_unaware,387,Extra,Whole,Extra,4.35330867767334,Scrambled,-0.11555425822734833
107,1044.jpg,C,conscious_aware,120,Exp_Second,Whole,Experiment,2.465139865875244,Scrambled,-0.02796672284603119
111,1044.jpg,C,conscious_aware,21,Exp_First,Whole,Experiment,3.1869149208068848,Scrambled,-0.07576733082532883
115,1044.jpg,C,conscious_aware,15,Exp_First,Whole,Experiment,-0.169484481215477,Scrambled,3.3029022216796875
102,1044.jpg,U,unconscious_unaware,349,Extra,Whole,Extra,5.801173210144043,Scrambled,2.502241611480713
102,1044.jpg,U,unconscious_unaware,42,Exp_First,Whole,Experiment,4.18675422668457,Scrambled,0.9070988297462463
105,1044.jpg,U,unconscious_unaware,322,Extra,Whole,Extra,2.18415904045105,Scrambled,2.3787946701049805
113,1044.jpg,U,unconscious_unaware,17,Exp_First,Whole,Experiment,3.7881577014923096,Scrambled,1.2424349784851074
113,1044.jpg,U,unconscious_unaware,327,Extra,Whole,Extra,,Scrambled,2.724515676498413
107,1046.jpg,C,conscious_aware,3,Exp_First,Whole,Experiment,2.3496274948120117,Scrambled,3.002537727355957
108,1046.jpg,C,conscious_aware,12,Exp_First,Whole,Experiment,0.12333988398313522,Scrambled,-0.04160702973604202
115,1046.jpg,C,conscious_aware,111,Exp_Second,Whole,Experiment,1.0886672735214233,Scrambled,2.0504963397979736
116,1046.jpg,C,conscious_aware,38,Exp_First,Whole,Experiment,0.46233949065208435,Scrambled,1.6478818655014038
108,1046.jpg,U,unconscious_aware,408,Extra,Whole,Extra,1.9372342824935913,Scrambled,1.9010658264160156
119,1046.jpg,U,unconscious_aware,402,Extra,Whole,Extra,3.7420172691345215,Scrambled,-0.10516288876533508
101,1046.jpg,U,unconscious_unaware,5,Exp_First,Whole,Experiment,1.9727531671524048,Scrambled,-0.02734660543501377
103,1046.jpg,U,unconscious_unaware,14,Exp_First,Whole,Experiment,2.20575213432312,Scrambled,5.221447467803955
105,1046.jpg,U,unconscious_unaware,384,Extra,Whole,Extra,0.5803769826889038,Scrambled,-0.22698849439620972
113,1046.jpg,U,unconscious_unaware,355,Extra,Whole,Extra,1.304341197013855,Scrambled,8.16211986541748
114,1046.jpg,U,unconscious_unaware,41,Exp_First,Whole,Experiment,,Scrambled,1.5542253255844116
119,1046.jpg,U,unconscious_unaware,5,Exp_First,Whole,Experiment,0.6588842868804932,Scrambled,0.9098143577575684
101,1048.jpg,C,conscious_aware,84,Exp_Second,Whole,Experiment,4.109253406524658,Scrambled,-0.11662159115076065
103,1048.jpg,C,conscious_aware,27,Exp_First,Whole,Experiment,6.218786239624023,Scrambled,-0.11662159860134125
107,1048.jpg,C,conscious_aware,60,Exp_First,Whole,Experiment,4.108499526977539,Scrambled,-0.11659654229879379
115,1048.jpg,C,conscious_aware,90,Exp_Second,Whole,Experiment,6.594573974609375,Scrambled,-0.1165648028254509
101,1048.jpg,U,unconscious_aware,431,Extra,Whole,Extra,6.52555513381958,Scrambled,2.7867448329925537
108,1048.jpg,U,unconscious_aware,447,Extra,Whole,Extra,6.422963619232178,Scrambled,3.2143337726593018
117,1048.jpg,U,unconscious_aware,119,Exp_Second,Whole,Experiment,7.97661018371582,Scrambled,1.567336916923523
102,1048.jpg,U,unconscious_unaware,49,Exp_First,Whole,Experiment,8.64960765838623,Scrambled,6.498892307281494
105,1048.jpg,U,unconscious_unaware,118,Exp_Second,Whole,Experiment,7.313101768493652,Scrambled,1.6450726985931396
113,1048.jpg,U,unconscious_unaware,394,Extra,Whole,Extra,5.710033893585205,Scrambled,4.150644779205322
115,1048.jpg,U,unconscious_unaware,428,Extra,Whole,Extra,1.2821931838989258,Scrambled,3.462475061416626
116,1048.jpg,U,unconscious_unaware,18,Exp_First,Whole,Experiment,4.070084095001221,Scrambled,1.861480951309204
103,1051.jpg,C,conscious_aware,22,Exp_First,Whole,Experiment,4.870572566986084,Scrambled,-0.2055625021457672
111,1051.jpg,C,conscious_aware,117,Exp_Second,Whole,Experiment,4.4026288986206055,Scrambled,0.265276700258255
115,1051.jpg,C,conscious_aware,17,Exp_First,Whole,Experiment,1.158168911933899,Scrambled,-0.25176265835762024
116,1051.jpg,C,conscious_aware,21,Exp_First,Whole,Experiment,2.0424180030822754,Scrambled,1.1470767259597778
117,1051.jpg,C,conscious_aware,116,Exp_Second,Whole,Experiment,3.539273738861084,Scrambled,0.7564706802368164
108,1051.jpg,U,unconscious_aware,11,Exp_First,Whole,Experiment,5.307375431060791,Scrambled,0.9145370125770569
108,1051.jpg,U,unconscious_aware,442,Extra,Whole,Extra,6.247071266174316,Scrambled,2.6511855125427246
101,1051.jpg,U,unconscious_unaware,20,Exp_First,Whole,Experiment,4.880611896514893,Scrambled,0.9834944605827332
102,1051.jpg,U,unconscious_unaware,9,Exp_First,Whole,Experiment,6.19287109375,Scrambled,0.6115700006484985
119,1051.jpg,U,unconscious_unaware,7,Exp_First,Whole,Experiment,3.711292266845703,Scrambled,0.5943503379821777
102,1052.jpg,C,conscious_aware,66,Exp_First,Whole,Experiment,2.8792877197265625,Scrambled,-0.16028086841106415
103,1052.jpg,C,conscious_aware,67,Exp_First,Whole,Experiment,2.9244801998138428,Scrambled,-0.18329493701457977
107,1052.jpg,C,conscious_aware,33,Exp_First,Whole,Experiment,1.8473752737045288,Scrambled,0.1441151201725006
111,1052.jpg,C,conscious_aware,131,Exp_Second,Whole,Experiment,0.36906132102012634,Scrambled,-0.18329493701457977
116,1052.jpg,C,conscious_aware,29,Exp_First,Whole,Experiment,1.746701955795288,Scrambled,2.328322172164917
108,1052.jpg,U,unconscious_aware,97,Exp_Second,Whole,Experiment,1.8318977355957031,Scrambled,2.527743101119995
119,1052.jpg,U,unconscious_aware,94,Exp_Second,Whole,Experiment,,Scrambled,-0.2091279774904251
101,1052.jpg,U,unconscious_unaware,63,Exp_First,Whole,Experiment,3.166825771331787,Scrambled,0.34640663862228394
105,1052.jpg,U,unconscious_unaware,98,Exp_Second,Whole,Experiment,1.7774978876113892,Scrambled,-0.18050260841846466
115,1052.jpg,U,unconscious_unaware,66,Exp_First,Whole,Experiment,0.9888344407081604,Scrambled,1.1058857440948486
116,1052.jpg,U,unconscious_unaware,432,Extra,Whole,Extra,0.7023041844367981,Scrambled,0.7783952355384827
101,1059.jpg,C,conscious_aware,30,Exp_First,Whole,Experiment,3.170766592025757,Scrambled,-0.14387989044189453
102,1059.jpg,C,conscious_aware,61,Exp_First,Whole,Experiment,5.3366875648498535,Scrambled,-0.14387989044189453
115,1059.jpg,C,conscious_aware,63,Exp_First,Whole,Experiment,0.8633204102516174,Scrambled,-0.14387989044189453
116,1059.jpg,C,conscious_aware,8,Exp_First,Whole,Experiment,2.051119565963745,Scrambled,0.15605971217155457
108,1059.jpg,U,unconscious_aware,91,Exp_Second,Whole,Experiment,4.167523384094238,Scrambled,4.557485103607178
117,1059.jpg,U,unconscious_aware,432,Extra,Whole,Extra,5.420487403869629,Scrambled,0.014718875288963318
101,1059.jpg,U,unconscious_unaware,332,Extra,Whole,Extra,4.30051851272583,Scrambled,7.08143424987793
103,1059.jpg,U,unconscious_unaware,89,Exp_Second,Whole,Experiment,0.507151186466217,Scrambled,1.36814284324646
105,1059.jpg,U,unconscious_unaware,132,Exp_Second,Whole,Experiment,4.661564826965332,Scrambled,1.0554002523422241
115,1059.jpg,U,unconscious_unaware,326,Extra,Whole,Extra,1.1340501308441162,Scrambled,2.2946770191192627
116,1059.jpg,U,unconscious_unaware,327,Extra,Whole,Extra,4.678030967712402,Scrambled,5.8230814933776855
117,1059.jpg,U,unconscious_unaware,54,Exp_First,Whole,Experiment,2.129380464553833,Scrambled,4.378230571746826
101,1061.jpg,C,conscious_aware,97,Exp_Second,Whole,Experiment,4.309626579284668,Scrambled,1.193716049194336
111,1061.jpg,C,conscious_aware,28,Exp_First,Whole,Experiment,5.973572254180908,Scrambled,-0.24757187068462372
116,1061.jpg,C,conscious_aware,27,Exp_First,Whole,Experiment,5.295279026031494,Scrambled,1.7681139707565308
117,1061.jpg,C,conscious_aware,92,Exp_Second,Whole,Experiment,4.240825653076172,Scrambled,1.095210313796997
108,1061.jpg,U,unconscious_aware,132,Exp_Second,Whole,Experiment,5.112548828125,Scrambled,-0.20769967138767242
108,1061.jpg,U,unconscious_aware,363,Extra,Whole,Extra,5.453371047973633,Scrambled,0.47204887866973877
119,1061.jpg,U,unconscious_aware,431,Extra,Whole,Extra,6.043344497680664,Scrambled,1.4577556848526
102,1061.jpg,U,unconscious_unaware,24,Exp_First,Whole,Experiment,4.522414684295654,Scrambled,2.333057403564453
102,1061.jpg,U,unconscious_unaware,327,Extra,Whole,Extra,2.2624011039733887,Scrambled,3.117741107940674
105,1061.jpg,U,unconscious_unaware,133,Exp_Second,Whole,Experiment,4.111281871795654,Scrambled,3.6755101680755615
115,1061.jpg,U,unconscious_unaware,125,Exp_Second,Whole,Experiment,0.8053438663482666,Scrambled,1.7729270458221436
115,1061.jpg,U,unconscious_unaware,404,Extra,Whole,Extra,2.640244960784912,Scrambled,4.668194770812988
103,1063.jpg,C,conscious_aware,20,Exp_First,Whole,Experiment,1.28751540184021,Scrambled,2.4399900436401367
105,1063.jpg,C,conscious_aware,17,Exp_First,Whole,Experiment,4.288938522338867,Scrambled,-0.24192608892917633
108,1063.jpg,C,conscious_aware,116,Exp_Second,Whole,Experiment,4.760140419006348,Scrambled,1.389875888824463
113,1063.jpg,C,conscious_aware,113,Exp_Second,Whole,Experiment,4.873245716094971,Scrambled,2.6488564014434814
116,1063.jpg,C,conscious_aware,41,Exp_First,Whole,Experiment,4.1115403175354,Scrambled,-0.16541777551174164
101,1063.jpg,U,unconscious_unaware,376,Extra,Whole,Extra,7.269168853759766,Scrambled,0.11980774253606796
114,1063.jpg,U,unconscious_unaware,52,Exp_Second,Whole,Experiment,,Scrambled,8.608817100524902
115,1063.jpg,U,unconscious_unaware,115,Exp_Second,Whole,Experiment,6.201011657714844,Scrambled,5.772816181182861
107,1070.jpg,C,conscious_aware,79,Exp_Second,Whole,Experiment,6.805147171020508,Scrambled,-0.12873966991901398
108,1070.jpg,C,conscious_aware,1,Exp_First,Whole,Experiment,4.479161262512207,Scrambled,-0.12873966991901398
113,1070.jpg,C,conscious_aware,97,Exp_Second,Whole,Experiment,8.177828788757324,Scrambled,8.347883224487305
115,1070.jpg,C,conscious_aware,9,Exp_First,Whole,Experiment,6.113743305206299,Scrambled,0.8849452137947083
117,1070.jpg,C,conscious_aware,56,Exp_First,Whole,Experiment,7.271986961364746,Scrambled,3.8373541831970215
102,1070.jpg,U,unconscious_unaware,129,Exp_Second,Whole,Experiment,3.9131555557250977,Scrambled,6.785591125488281
105,1070.jpg,U,unconscious_unaware,97,Exp_Second,Whole,Experiment,,Scrambled,1.1559454202651978
116,1070.jpg,U,unconscious_unaware,362,Extra,Whole,Extra,0.4480847418308258,Scrambled,-0.08498916029930115
116,1070.jpg,U,unconscious_unaware,61,Exp_First,Whole,Experiment,3.4002692699432373,Scrambled,0.5844321846961975
101,1073.jpg,C,conscious_aware,75,Exp_Second,Whole,Experiment,5.157567024230957,Scrambled,2.081864595413208
103,1073.jpg,C,conscious_aware,73,Exp_Second,Whole,Experiment,4.232020378112793,Scrambled,2.9160091876983643
105,1073.jpg,C,conscious_aware,20,Exp_First,Whole,Experiment,5.8510894775390625,Scrambled,1.6741483211517334
108,1073.jpg,C,conscious_aware,81,Exp_Second,Whole,Experiment,2.2566630840301514,Scrambled,0.5170008540153503
115,1073.jpg,C,conscious_aware,49,Exp_First,Whole,Experiment,0.29027071595191956,Scrambled,1.083108901977539
119,1073.jpg,C,conscious_aware,45,Exp_First,Whole,Experiment,6.200050354003906,Scrambled,0.43215087056159973
102,1073.jpg,U,unconscious_unaware,78,Exp_Second,Whole,Experiment,2.1271719932556152,Scrambled,4.570148468017578
105,1073.jpg,U,unconscious_unaware,377,Extra,Whole,Extra,4.467035293579102,Scrambled,0.8531513214111328
116,1073.jpg,U,unconscious_unaware,405,Extra,Whole,Extra,4.371179580688477,Scrambled,2.511756420135498
117,1073.jpg,U,unconscious_unaware,35,Exp_First,Whole,Experiment,4.775261402130127,Scrambled,-0.12324492633342743
102,1075.jpg,C,conscious_aware,133,Exp_Second,Whole,Experiment,2.870480537414551,Scrambled,1.1539257764816284
107,1075.jpg,C,conscious_aware,97,Exp_Second,Whole,Experiment,1.5733686685562134,Scrambled,-0.11392873525619507
108,1075.jpg,C,conscious_aware,52,Exp_First,Whole,Experiment,3.1063172817230225,Scrambled,-0.11533886194229126
111,1075.jpg,C,conscious_aware,27,Exp_First,Whole,Experiment,2.0127899646759033,Scrambled,-0.11156226694583893
114,1075.jpg,C,conscious_aware,53,Exp_First,Whole,Experiment,,Scrambled,2.6482067108154297
115,1075.jpg,C,conscious_aware,46,Exp_First,Whole,Experiment,0.5353507399559021,Scrambled,-0.11519410461187363
119,1075.jpg,U,unconscious_aware,398,Extra,Whole,Extra,2.026078462600708,Scrambled,-0.2707871198654175
119,1075.jpg,U,unconscious_aware,99,Exp_Second,Whole,Experiment,3.1074109077453613,Scrambled,-0.1388300359249115
101,1075.jpg,U,unconscious_unaware,398,Extra,Whole,Extra,2.562666654586792,Scrambled,2.7868881225585938
101,1075.jpg,U,unconscious_unaware,98,Exp_Second,Whole,Experiment,2.4782421588897705,Scrambled,0.3260340690612793
103,1075.jpg,U,unconscious_unaware,62,Exp_First,Whole,Experiment,0.9646129608154297,Scrambled,4.179054260253906
113,1075.jpg,U,unconscious_unaware,92,Exp_Second,Whole,Experiment,1.3830530643463135,Scrambled,3.0796589851379395
115,1075.jpg,U,unconscious_unaware,363,Extra,Whole,Extra,1.8046016693115234,Scrambled,2.9567229747772217
116,1075.jpg,U,unconscious_unaware,364,Extra,Whole,Extra,1.2355754375457764,Scrambled,2.0131590366363525
116,1075.jpg,U,unconscious_unaware,56,Exp_First,Whole,Experiment,-0.07904838770627975,Scrambled,2.65702748298645
101,1076.jpg,C,conscious_aware,80,Exp_Second,Whole,Experiment,,Scrambled,-0.24419118463993073
102,1076.jpg,C,conscious_aware,9,Exp_First,Whole,Experiment,0.9826990365982056,Scrambled,0.10020214319229126
105,1076.jpg,C,conscious_aware,108,Exp_Second,Whole,Experiment,0.45201364159584045,Scrambled,1.4896408319473267
107,1076.jpg,C,conscious_aware,91,Exp_Second,Whole,Experiment,0.07557334750890732,Scrambled,-0.24419118463993073
115,1076.jpg,C,conscious_aware,91,Exp_Second,Whole,Experiment,-0.04450222849845886,Scrambled,1.886771321296692
101,1076.jpg,U,unconscious_aware,421,Extra,Whole,Extra,3.702888250350952,Scrambled,-0.17172622680664062
108,1076.jpg,U,unconscious_aware,117,Exp_Second,Whole,Experiment,0.9245964288711548,Scrambled,7.273294925689697
108,1076.jpg,U,unconscious_aware,384,Extra,Whole,Extra,1.425289273262024,Scrambled,-0.042189937084913254
102,1076.jpg,U,unconscious_unaware,360,Extra,Whole,Extra,2.331068277359009,Scrambled,4.2669525146484375
103,1076.jpg,U,unconscious_unaware,12,Exp_First,Whole,Experiment,1.2600836753845215,Scrambled,3.7989628314971924
116,1076.jpg,U,unconscious_unaware,425,Extra,Whole,Extra,3.5879242420196533,Scrambled,0.10961061716079712
102,1082.jpg,C,conscious_aware,112,Exp_Second,Whole,Experiment,0.16556668281555176,Scrambled,2.0072240829467773
111,1082.jpg,C,conscious_aware,79,Exp_Second,Whole,Experiment,,Scrambled,2.8780651092529297
115,1082.jpg,C,conscious_aware,34,Exp_First,Whole,Experiment,0.16887646913528442,Scrambled,2.132056713104248
103,1082.jpg,U,unconscious_aware,446,Extra,Whole,Extra,2.902519702911377,Scrambled,-0.25727686285972595
103,1082.jpg,U,unconscious_aware,48,Exp_First,Whole,Experiment,3.3393712043762207,Scrambled,0.29669541120529175
108,1082.jpg,U,unconscious_aware,74,Exp_Second,Whole,Experiment,4.005451202392578,Scrambled,1.098341703414917
115,1082.jpg,U,unconscious_aware,413,Extra,Whole,Extra,3.4242050647735596,Scrambled,-0.2628779113292694
105,1082.jpg,U,unconscious_unaware,413,Extra,Whole,Extra,5.081364154815674,Scrambled,-0.2628779113292694
114,1082.jpg,U,unconscious_unaware,47,Exp_First,Whole,Experiment,1.932939887046814,Scrambled,1.469957947731018
116,1082.jpg,U,unconscious_unaware,45,Exp_First,Whole,Experiment,1.5290117263793945,Scrambled,-0.2628779113292694
107,1085.jpg,C,conscious_aware,45,Exp_First,Whole,Experiment,-0.023503422737121582,Scrambled,1.273048758506775
116,1085.jpg,C,conscious_aware,104,Exp_Second,Whole,Experiment,-0.026117054745554924,Scrambled,-0.21897873282432556
117,1085.jpg,C,conscious_aware,39,Exp_First,Whole,Experiment,,Scrambled,0.6249719262123108
101,1085.jpg,U,unconscious_unaware,318,Extra,Whole,Extra,4.712437152862549,Scrambled,2.297074317932129
101,1085.jpg,U,unconscious_unaware,36,Exp_First,Whole,Experiment,4.727455139160156,Scrambled,1.5160834789276123
102,1085.jpg,U,unconscious_unaware,46,Exp_First,Whole,Experiment,3.8310770988464355,Scrambled,8.112144470214844
105,1085.jpg,U,unconscious_unaware,311,Extra,Whole,Extra,5.781018257141113,Scrambled,1.1455857753753662
114,1085.jpg,U,unconscious_unaware,309,Extra,Whole,Extra,,Scrambled,-0.16030077636241913
115,1085.jpg,U,unconscious_unaware,44,Exp_First,Whole,Experiment,9.663290023803711,Scrambled,1.610232949256897
102,1090.jpg,C,conscious_aware,81,Exp_Second,Whole,Experiment,1.0944015979766846,Scrambled,0.16616179049015045
115,1090.jpg,C,conscious_aware,29,Exp_First,Whole,Experiment,0.641555905342102,Scrambled,-0.11533884704113007
116,1090.jpg,C,conscious_aware,129,Exp_Second,Whole,Experiment,0.353863388299942,Scrambled,-0.11533886194229126
103,1090.jpg,U,unconscious_aware,93,Exp_Second,Whole,Experiment,0.5979846715927124,Scrambled,2.208242416381836
108,1090.jpg,U,unconscious_aware,127,Exp_Second,Whole,Experiment,3.730738639831543,Scrambled,3.7374813556671143
117,1090.jpg,U,unconscious_aware,428,Extra,Whole,Extra,5.38487434387207,Scrambled,0.7627827525138855
119,1090.jpg,U,unconscious_aware,119,Exp_Second,Whole,Experiment,,Scrambled,-0.2488010674715042
119,1090.jpg,U,unconscious_aware,425,Extra,Whole,Extra,2.7774319648742676,Scrambled,-0.2488010674715042
105,1090.jpg,U,unconscious_unaware,60,Exp_First,Whole,Experiment,4.866445064544678,Scrambled,0.19719283282756805
113,1090.jpg,U,unconscious_unaware,363,Extra,Whole,Extra,4.561633110046387,Scrambled,-0.05320519953966141
117,1090.jpg,U,unconscious_unaware,91,Exp_Second,Whole,Experiment,,Scrambled,-0.2488010674715042
103,1103.jpg,C,conscious_aware,92,Exp_Second,Whole,Experiment,4.044605255126953,Scrambled,0.9503514170646667
107,1103.jpg,C,conscious_aware,5,Exp_First,Whole,Experiment,6.074275970458984,Scrambled,-0.14615082740783691
115,1103.jpg,C,conscious_aware,104,Exp_Second,Whole,Experiment,2.948876142501831,Scrambled,-0.14615082740783691
117,1103.jpg,C,conscious_aware,71,Exp_First,Whole,Experiment,6.054336071014404,Scrambled,1.656737208366394
101,1103.jpg,U,unconscious_aware,38,Exp_First,Whole,Experiment,3.0599875450134277,Scrambled,0.8623443245887756
103,1103.jpg,U,unconscious_aware,305,Extra,Whole,Extra,5.3753156661987305,Scrambled,3.3336737155914307
119,1103.jpg,U,unconscious_aware,54,Exp_First,Whole,Experiment,3.055097818374634,Scrambled,2.9657490253448486
101,1103.jpg,U,unconscious_unaware,316,Extra,Whole,Extra,4.083573818206787,Scrambled,3.5624284744262695
102,1103.jpg,U,unconscious_unaware,104,Exp_Second,Whole,Experiment,2.9577128887176514,Scrambled,6.975769996643066
102,1103.jpg,U,unconscious_unaware,325,Extra,Whole,Extra,3.193458080291748,Scrambled,3.3439860343933105
114,1103.jpg,U,unconscious_unaware,23,Exp_First,Whole,Experiment,,Scrambled,0.8536981344223022
115,1103.jpg,U,unconscious_unaware,438,Extra,Whole,Extra,0.39160141348838806,Scrambled,1.090773344039917
116,1103.jpg,U,unconscious_unaware,107,Exp_Second,Whole,Experiment,-0.2583879828453064,Scrambled,2.3943138122558594
102,1106.jpg,C,conscious_aware,132,Exp_Second,Whole,Experiment,5.472681522369385,Scrambled,-0.043267980217933655
103,1106.jpg,C,conscious_aware,33,Exp_First,Whole,Experiment,3.8503689765930176,Scrambled,0.10119300335645676
107,1106.jpg,C,conscious_aware,28,Exp_First,Whole,Experiment,2.314521551132202,Scrambled,3.6331021785736084
116,1106.jpg,C,conscious_aware,99,Exp_Second,Whole,Experiment,3.6879405975341797,Scrambled,1.8385931253433228
117,1106.jpg,C,conscious_aware,65,Exp_First,Whole,Experiment,,Scrambled,0.49886927008628845
119,1106.jpg,C,conscious_aware,61,Exp_First,Whole,Experiment,,Scrambled,0.12806427478790283
108,1106.jpg,U,unconscious_aware,29,Exp_First,Whole,Experiment,6.496872901916504,Scrambled,2.9814107418060303
117,1106.jpg,U,unconscious_aware,330,Extra,Whole,Extra,-0.19120243191719055,Scrambled,0.35380494594573975
101,1106.jpg,U,unconscious_unaware,58,Exp_First,Whole,Experiment,7.832649230957031,Scrambled,2.213460922241211
102,1106.jpg,U,unconscious_unaware,365,Extra,Whole,Extra,6.691834449768066,Scrambled,8.176698684692383
105,1106.jpg,U,unconscious_unaware,62,Exp_First,Whole,Experiment,5.10504150390625,Scrambled,0.009063765406608582
113,1106.jpg,U,unconscious_unaware,131,Exp_Second,Whole,Experiment,0.019639519974589348,Scrambled,5.924834728240967
116,1106.jpg,U,unconscious_unaware,429,Extra,Whole,Extra,3.1466503143310547,Scrambled,8.53792667388916
111,1114.jpg,C,conscious_aware,119,Exp_Second,Whole,Experiment,3.222595453262329,Scrambled,-0.15332047641277313
115,1114.jpg,C,conscious_aware,69,Exp_Second,Whole,Experiment,3.8569629192352295,Scrambled,0.14388184249401093
119,1114.jpg,C,conscious_aware,89,Exp_Second,Whole,Experiment,3.114915609359741,Scrambled,0.9196824431419373
117,1114.jpg,U,unconscious_aware,394,Extra,Whole,Extra,,Scrambled,-0.12933243811130524
119,1114.jpg,U,unconscious_aware,360,Extra,Whole,Extra,5.681835174560547,Scrambled,-0.12933243811130524
101,1114.jpg,U,unconscious_unaware,321,Extra,Whole,Extra,4.98806095123291,Scrambled,0.3009527921676636
101,1114.jpg,U,unconscious_unaware,88,Exp_Second,Whole,Experiment,6.081638336181641,Scrambled,2.1499099731445312
103,1114.jpg,U,unconscious_unaware,327,Extra,Whole,Extra,4.162778377532959,Scrambled,-0.12667950987815857
116,1114.jpg,U,unconscious_unaware,124,Exp_Second,Whole,Experiment,3.3458926677703857,Scrambled,-0.12933243811130524
117,1114.jpg,U,unconscious_unaware,14,Exp_First,Whole,Experiment,,Scrambled,2.125269889831543
102,1118.jpg,C,conscious_aware,37,Exp_First,Whole,Experiment,1.2933375835418701,Scrambled,0.6134299039840698
103,1118.jpg,C,conscious_aware,7,Exp_First,Whole,Experiment,4.766491413116455,Scrambled,0.7512680292129517
105,1118.jpg,C,conscious_aware,9,Exp_First,Whole,Experiment,4.244466304779053,Scrambled,-0.1816517412662506
107,1118.jpg,C,conscious_aware,37,Exp_First,Whole,Experiment,2.6848039627075195,Scrambled,-0.1816517412662506
111,1118.jpg,C,conscious_aware,70,Exp_Second,Whole,Experiment,6.027834415435791,Scrambled,-0.1816517412662506
116,1118.jpg,C,conscious_aware,4,Exp_First,Whole,Experiment,3.9486751556396484,Scrambled,-0.1816517561674118
101,1118.jpg,U,unconscious_unaware,340,Extra,Whole,Extra,0.9121996164321899,Scrambled,1.6485894918441772
102,1118.jpg,U,unconscious_unaware,376,Extra,Whole,Extra,-0.22954197227954865,Scrambled,8.350618362426758
105,1118.jpg,U,unconscious_unaware,408,Extra,Whole,Extra,4.156923294067383,Scrambled,-0.15934747457504272
115,1118.jpg,U,unconscious_unaware,110,Exp_Second,Whole,Experiment,1.9134724140167236,Scrambled,-0.2065381556749344
117,1118.jpg,U,unconscious_unaware,40,Exp_First,Whole,Experiment,,Scrambled,0.6030901670455933
103,1121.jpg,C,conscious_aware,56,Exp_First,Whole,Experiment,2.657175064086914,Scrambled,0.8688739538192749
108,1121.jpg,C,conscious_aware,24,Exp_First,Whole,Experiment,1.6676725149154663,Scrambled,0.5564984679222107
115,1121.jpg,C,conscious_aware,44,Exp_First,Whole,Experiment,1.1844581365585327,Scrambled,-0.12952066957950592
117,1121.jpg,C,conscious_aware,124,Exp_Second,Whole,Experiment,2.9032697677612305,Scrambled,0.6025449633598328
119,1121.jpg,C,conscious_aware,108,Exp_Second,Whole,Experiment,1.6147541999816895,Scrambled,1.677087664604187
105,1121.jpg,U,unconscious_unaware,421,Extra,Whole,Extra,3.7482001781463623,Scrambled,0.013012731447815895
105,1121.jpg,U,unconscious_unaware,50,Exp_First,Whole,Experiment,4.182054042816162,Scrambled,3.5757060050964355
113,1121.jpg,U,unconscious_unaware,23,Exp_First,Whole,Experiment,3.7336831092834473,Scrambled,0.9429335594177246
116,1121.jpg,U,unconscious_unaware,398,Extra,Whole,Extra,3.0816426277160645,Scrambled,4.209796905517578
116,1121.jpg,U,unconscious_unaware,53,Exp_First,Whole,Experiment,1.7019071578979492,Scrambled,3.2878212928771973
108,1125.jpg,U,unconscious_aware,437,Extra,Whole,Extra,,Scrambled,1.3334602117538452
113,1125.jpg,U,unconscious_aware,413,Extra,Whole,Extra,,Scrambled,-0.22081148624420166
101,1125.jpg,U,unconscious_unaware,322,Extra,Whole,Extra,5.963591575622559,Scrambled,0.8003509640693665
116,1125.jpg,U,unconscious_unaware,386,Extra,Whole,Extra,3.3969688415527344,Scrambled,2.4857752323150635
107,1129.jpg,C,conscious_aware,81,Exp_Second,Whole,Experiment,-0.2021043449640274,Scrambled,-0.11316075921058655
115,1129.jpg,C,conscious_aware,81,Exp_Second,Whole,Experiment,-0.19313263893127441,Scrambled,0.15933328866958618
103,1129.jpg,U,unconscious_aware,315,Extra,Whole,Extra,0.19766971468925476,Scrambled,-0.19892361760139465
108,1129.jpg,U,unconscious_aware,329,Extra,Whole,Extra,2.099429130554199,Scrambled,6.517027378082275
117,1129.jpg,U,unconscious_aware,320,Extra,Whole,Extra,4.014549732208252,Scrambled,0.7099922895431519
102,1129.jpg,U,unconscious_unaware,18,Exp_First,Whole,Experiment,4.296896457672119,Scrambled,0.28915122151374817
105,1129.jpg,U,unconscious_unaware,81,Exp_Second,Whole,Experiment,2.7184500694274902,Scrambled,-0.19892361760139465
113,1129.jpg,U,unconscious_unaware,100,Exp_Second,Whole,Experiment,3.836836814880371,Scrambled,2.9818994998931885
113,1129.jpg,U,unconscious_unaware,317,Extra,Whole,Extra,0.21328949928283691,Scrambled,2.5978732109069824
114,1129.jpg,U,unconscious_unaware,360,Extra,Whole,Extra,,Scrambled,1.5003180503845215
116,1129.jpg,U,unconscious_unaware,126,Exp_Second,Whole,Experiment,2.293059825897217,Scrambled,0.9985665678977966
116,1129.jpg,U,unconscious_unaware,396,Extra,Whole,Extra,1.6863826513290405,Scrambled,1.0209476947784424
119,1129.jpg,U,unconscious_unaware,91,Exp_Second,Whole,Experiment,0.08661800622940063,Scrambled,-0.19892361760139465
102,1130.jpg,C,conscious_aware,96,Exp_Second,Whole,Experiment,4.066072940826416,Scrambled,0.5092751383781433
107,1130.jpg,C,conscious_aware,131,Exp_Second,Whole,Experiment,3.222344160079956,Scrambled,2.1079189777374268
108,1130.jpg,C,conscious_aware,64,Exp_Second,Whole,Experiment,0.573819100856781,Scrambled,2.6580886840820312
115,1130.jpg,C,conscious_aware,64,Exp_Second,Whole,Experiment,2.1729750633239746,Scrambled,0.7922422289848328
116,1130.jpg,C,conscious_aware,128,Exp_Second,Whole,Experiment,3.1225383281707764,Scrambled,0.49796637892723083
117,1130.jpg,C,conscious_aware,63,Exp_First,Whole,Experiment,-0.26533085107803345,Scrambled,1.441122055053711
108,1130.jpg,U,unconscious_aware,414,Extra,Whole,Extra,2.616029977798462,Scrambled,-0.2511955201625824
117,1130.jpg,U,unconscious_aware,318,Extra,Whole,Extra,1.4173104763031006,Scrambled,2.5271997451782227
103,1130.jpg,U,unconscious_unaware,61,Exp_First,Whole,Experiment,1.5870565176010132,Scrambled,1.860126256942749
105,1130.jpg,U,unconscious_unaware,130,Exp_Second,Whole,Experiment,1.8868589401245117,Scrambled,4.163225173950195
114,1130.jpg,U,unconscious_unaware,30,Exp_First,Whole,Experiment,,Scrambled,0.008900703862309456
114,1130.jpg,U,unconscious_unaware,399,Extra,Whole,Extra,0.70503169298172,Scrambled,-0.2552550435066223
101,1135.jpg,C,conscious_aware,130,Exp_Second,Whole,Experiment,7.336097717285156,Scrambled,-0.17430444061756134
105,1135.jpg,C,conscious_aware,91,Exp_Second,Whole,Experiment,4.290013790130615,Scrambled,1.7756747007369995
108,1135.jpg,C,conscious_aware,26,Exp_First,Whole,Experiment,2.192704200744629,Scrambled,0.6670248508453369
113,1135.jpg,C,conscious_aware,30,Exp_First,Whole,Experiment,4.285384654998779,Scrambled,7.844122409820557
108,1135.jpg,U,unconscious_aware,331,Extra,Whole,Extra,3.7864880561828613,Scrambled,-0.20894689857959747
117,1135.jpg,U,unconscious_aware,90,Exp_Second,Whole,Experiment,,Scrambled,0.36464473605155945
102,1135.jpg,U,unconscious_unaware,57,Exp_First,Whole,Experiment,2.3771862983703613,Scrambled,6.793981075286865
113,1135.jpg,U,unconscious_unaware,364,Extra,Whole,Extra,1.0198850631713867,Scrambled,7.1019392013549805
115,1135.jpg,U,unconscious_unaware,27,Exp_First,Whole,Experiment,1.9294832944869995,Scrambled,4.468395709991455
102,1140.jpg,C,conscious_aware,90,Exp_Second,Whole,Experiment,0.7763751149177551,Scrambled,0.10249356925487518
111,1140.jpg,C,conscious_aware,121,Exp_Second,Whole,Experiment,3.1846752166748047,Scrambled,1.620537281036377
115,1140.jpg,C,conscious_aware,61,Exp_First,Whole,Experiment,0.2389112263917923,Scrambled,2.606691837310791
117,1140.jpg,C,conscious_aware,130,Exp_Second,Whole,Experiment,0.8880854845046997,Scrambled,1.2167980670928955
102,1140.jpg,U,unconscious_unaware,324,Extra,Whole,Extra,3.001467704772949,Scrambled,3.193758487701416
103,1140.jpg,U,unconscious_unaware,18,Exp_First,Whole,Experiment,2.107628345489502,Scrambled,8.718204498291016
105,1140.jpg,U,unconscious_unaware,93,Exp_Second,Whole,Experiment,1.6172317266464233,Scrambled,0.4908126890659332
113,1140.jpg,U,unconscious_unaware,130,Exp_Second,Whole,Experiment,2.2413766384124756,Scrambled,0.8277740478515625
115,1140.jpg,U,unconscious_unaware,426,Extra,Whole,Extra,2.3074288368225098,Scrambled,-0.196637824177742
116,1140.jpg,U,unconscious_unaware,75,Exp_Second,Whole,Experiment,3.426931381225586,Scrambled,-0.22239816188812256
102,1141.jpg,C,conscious_aware,68,Exp_First,Whole,Experiment,1.3005313873291016,Scrambled,1.0871214866638184
103,1141.jpg,C,conscious_aware,94,Exp_Second,Whole,Experiment,3.4195563793182373,Scrambled,2.1468958854675293
108,1141.jpg,C,conscious_aware,86,Exp_Second,Whole,Experiment,2.1056320667266846,Scrambled,0.09837968647480011
116,1141.jpg,C,conscious_aware,62,Exp_First,Whole,Experiment,3.25006365776062,Scrambled,0.04117355868220329
119,1141.jpg,C,conscious_aware,1,Exp_First,Whole,Experiment,,Scrambled,2.9709415435791016
101,1141.jpg,U,unconscious_unaware,427,Extra,Whole,Extra,7.089566230773926,Scrambled,2.902737855911255
105,1141.jpg,U,unconscious_unaware,57,Exp_First,Whole,Experiment,1.5097893476486206,Scrambled,-0.23405510187149048
113,1141.jpg,U,unconscious_unaware,60,Exp_First,Whole,Experiment,-0.021820971742272377,Scrambled,5.906196117401123
103,1145.jpg,C,conscious_aware,99,Exp_Second,Whole,Experiment,-0.1951422244310379,Scrambled,
105,1145.jpg,C,conscious_aware,67,Exp_Second,Whole,Experiment,,Scrambled,
107,1145.jpg,C,conscious_aware,67,Exp_Second,Whole,Experiment,3.6570513248443604,Scrambled,
111,1145.jpg,C,conscious_aware,30,Exp_First,Whole,Experiment,1.4648956060409546,Scrambled,
116,1145.jpg,C,conscious_aware,65,Exp_First,Whole,Experiment,0.930651068687439,Scrambled,
108,1145.jpg,U,unconscious_aware,94,Exp_Second,Whole,Experiment,2.186018466949463,Scrambled,1.977488398551941
117,1145.jpg,U,unconscious_aware,131,Exp_Second,Whole,Experiment,,Scrambled,1.2470227479934692
119,1145.jpg,U,unconscious_aware,427,Extra,Whole,Extra,2.2632088661193848,Scrambled,0.6251511573791504
119,1145.jpg,U,unconscious_aware,92,Exp_Second,Whole,Experiment,-0.22345656156539917,Scrambled,-0.00635162740945816
101,1145.jpg,U,unconscious_unaware,31,Exp_First,Whole,Experiment,1.1684304475784302,Scrambled,2.035937786102295
101,1145.jpg,U,unconscious_unaware,329,Extra,Whole,Extra,3.422567367553711,Scrambled,-0.19738416373729706
113,1145.jpg,U,unconscious_unaware,96,Exp_Second,Whole,Experiment,3.597216844558716,Scrambled,5.678649425506592
102,1149.jpg,C,conscious_aware,69,Exp_Second,Whole,Experiment,-0.18560044467449188,Scrambled,0.03254298120737076
107,1149.jpg,C,conscious_aware,100,Exp_Second,Whole,Experiment,,Scrambled,-0.14913977682590485
116,1149.jpg,C,conscious_aware,105,Exp_Second,Whole,Experiment,0.22325968742370605,Scrambled,2.0409321784973145
119,1149.jpg,C,conscious_aware,7,Exp_First,Whole,Experiment,0.1561521291732788,Scrambled,-0.14913977682590485
108,1149.jpg,U,unconscious_aware,111,Exp_Second,Whole,Experiment,-0.22385704517364502,Scrambled,
108,1149.jpg,U,unconscious_aware,403,Extra,Whole,Extra,0.5008239150047302,Scrambled,
117,1149.jpg,U,unconscious_aware,341,Extra,Whole,Extra,,Scrambled,
117,1149.jpg,U,unconscious_aware,70,Exp_Second,Whole,Experiment,0.5549718737602234,Scrambled,
105,1149.jpg,U,unconscious_unaware,338,Extra,Whole,Extra,0.6289247274398804,Scrambled,
115,1149.jpg,U,unconscious_unaware,13,Exp_First,Whole,Experiment,0.5045101046562195,Scrambled,
101,1154.jpg,C,conscious_aware,14,Exp_First,Whole,Experiment,2.7931251525878906,Scrambled,2.392629384994507
105,1154.jpg,C,conscious_aware,76,Exp_Second,Whole,Experiment,2.361262798309326,Scrambled,2.393266439437866
116,1154.jpg,C,conscious_aware,47,Exp_First,Whole,Experiment,0.7075427174568176,Scrambled,2.7120115756988525
117,1154.jpg,C,conscious_aware,41,Exp_First,Whole,Experiment,4.805656433105469,Scrambled,0.9703745245933533
103,1154.jpg,U,unconscious_aware,406,Extra,Whole,Extra,,Scrambled,-0.20734159648418427
108,1154.jpg,U,unconscious_aware,14,Exp_First,Whole,Experiment,3.1296918392181396,Scrambled,0.30753564834594727
108,1154.jpg,U,unconscious_aware,320,Extra,Whole,Extra,3.839712381362915,Scrambled,0.029197629541158676
117,1154.jpg,U,unconscious_aware,406,Extra,Whole,Extra,3.7109861373901367,Scrambled,-0.20734156668186188
101,1154.jpg,U,unconscious_unaware,369,Extra,Whole,Extra,3.1579530239105225,Scrambled,4.026243209838867
102,1154.jpg,U,unconscious_unaware,110,Exp_Second,Whole,Experiment,3.392096757888794,Scrambled,8.769251823425293
103,1154.jpg,U,unconscious_unaware,3,Exp_First,Whole,Experiment,2.320302963256836,Scrambled,3.87009334564209
105,1154.jpg,U,unconscious_unaware,349,Extra,Whole,Extra,1.4455143213272095,Scrambled,-0.1713009774684906
114,1154.jpg,U,unconscious_unaware,17,Exp_First,Whole,Experiment,,Scrambled,-0.16774170100688934
115,1154.jpg,U,unconscious_unaware,70,Exp_First,Whole,Experiment,3.641728162765503,Scrambled,1.5671629905700684
116,1154.jpg,U,unconscious_unaware,346,Extra,Whole,Extra,0.6363203525543213,Scrambled,3.8819868564605713
119,1154.jpg,U,unconscious_unaware,391,Extra,Whole,Extra,1.5389257669448853,Scrambled,0.248637855052948
101,1157.jpg,C,conscious_aware,92,Exp_Second,Whole,Experiment,3.9191741943359375,Scrambled,2.168776512145996
115,1157.jpg,C,conscious_aware,126,Exp_Second,Whole,Experiment,1.529610276222229,Scrambled,0.6086133718490601
116,1157.jpg,C,conscious_aware,66,Exp_First,Whole,Experiment,-0.20404568314552307,Scrambled,1.1973612308502197
117,1157.jpg,C,conscious_aware,96,Exp_Second,Whole,Experiment,6.181146144866943,Scrambled,0.0005859378725290298
101,1157.jpg,U,unconscious_aware,399,Extra,Whole,Extra,1.5556315183639526,Scrambled,0.05387742817401886
119,1157.jpg,U,unconscious_aware,33,Exp_First,Whole,Experiment,-0.21797803044319153,Scrambled,-0.24384284019470215
119,1157.jpg,U,unconscious_aware,354,Extra,Whole,Extra,,Scrambled,0.16753266751766205
102,1157.jpg,U,unconscious_unaware,66,Exp_First,Whole,Experiment,2.1572823524475098,Scrambled,8.676856994628906
105,1157.jpg,U,unconscious_unaware,65,Exp_First,Whole,Experiment,1.346738338470459,Scrambled,0.45835721492767334
116,1157.jpg,U,unconscious_unaware,391,Extra,Whole,Extra,0.8690630197525024,Scrambled,3.0227253437042236
102,1159.jpg,C,conscious_aware,50,Exp_First,Whole,Experiment,4.06101131439209,Scrambled,0.8031589388847351
103,1159.jpg,C,conscious_aware,52,Exp_First,Whole,Experiment,4.262119770050049,Scrambled,3.071075439453125
105,1159.jpg,C,conscious_aware,48,Exp_First,Whole,Experiment,2.764298677444458,Scrambled,3.3118672370910645
107,1159.jpg,C,conscious_aware,110,Exp_Second,Whole,Experiment,3.3399360179901123,Scrambled,3.7662649154663086
108,1159.jpg,C,conscious_aware,123,Exp_Second,Whole,Experiment,3.8422904014587402,Scrambled,1.6310358047485352
115,1159.jpg,C,conscious_aware,20,Exp_First,Whole,Experiment,1.7305006980895996,Scrambled,1.3432351350784302
101,1159.jpg,U,unconscious_aware,14,Exp_First,Whole,Experiment,4.216029167175293,Scrambled,1.9783471822738647
101,1159.jpg,U,unconscious_aware,418,Extra,Whole,Extra,3.3253936767578125,Scrambled,0.752460241317749
108,1159.jpg,U,unconscious_aware,323,Extra,Whole,Extra,1.3169913291931152,Scrambled,4.858856201171875
117,1159.jpg,U,unconscious_aware,383,Extra,Whole,Extra,2.879263162612915,Scrambled,0.4608129858970642
119,1159.jpg,U,unconscious_aware,394,Extra,Whole,Extra,3.0024709701538086,Scrambled,-0.188095822930336
113,1159.jpg,U,unconscious_unaware,26,Exp_First,Whole,Experiment,3.0245654582977295,Scrambled,7.63978385925293
116,1159.jpg,U,unconscious_unaware,422,Extra,Whole,Extra,4.352197170257568,Scrambled,3.1845271587371826
116,1159.jpg,U,unconscious_unaware,48,Exp_First,Whole,Experiment,3.5884242057800293,Scrambled,0.18343855440616608
117,1159.jpg,U,unconscious_unaware,79,Exp_Second,Whole,Experiment,,Scrambled,2.5153040885925293
101,1165.jpg,C,conscious_aware,90,Exp_Second,Whole,Experiment,2.595881223678589,Scrambled,1.2277474403381348
103,1165.jpg,C,conscious_aware,132,Exp_Second,Whole,Experiment,0.45952075719833374,Scrambled,2.8226406574249268
107,1165.jpg,C,conscious_aware,123,Exp_Second,Whole,Experiment,1.3196876049041748,Scrambled,2.7321460247039795
108,1165.jpg,C,conscious_aware,20,Exp_First,Whole,Experiment,2.015921115875244,Scrambled,4.393304347991943
117,1165.jpg,C,conscious_aware,94,Exp_Second,Whole,Experiment,6.3976898193359375,Scrambled,0.2967001497745514
101,1165.jpg,U,unconscious_unaware,327,Extra,Whole,Extra,3.190718173980713,Scrambled,0.9950979351997375
102,1165.jpg,U,unconscious_unaware,318,Extra,Whole,Extra,2.3853936195373535,Scrambled,0.7037001848220825
102,1165.jpg,U,unconscious_unaware,95,Exp_Second,Whole,Experiment,1.718908429145813,Scrambled,-0.2476079761981964
113,1165.jpg,U,unconscious_unaware,391,Extra,Whole,Extra,3.074636936187744,Scrambled,-0.20184026658535004
113,1165.jpg,U,unconscious_unaware,88,Exp_Second,Whole,Experiment,0.820331871509552,Scrambled,-0.2008504420518875
115,1165.jpg,U,unconscious_unaware,92,Exp_Second,Whole,Experiment,0.517032265663147,Scrambled,0.8225212097167969
116,1165.jpg,U,unconscious_unaware,88,Exp_Second,Whole,Experiment,1.6610803604125977,Scrambled,2.4594368934631348
103,1170.jpg,C,conscious_aware,130,Exp_Second,Whole,Experiment,0.7859317064285278,Scrambled,1.3797043561935425
113,1170.jpg,C,conscious_aware,91,Exp_Second,Whole,Experiment,,Scrambled,1.840126633644104
108,1170.jpg,U,unconscious_aware,130,Exp_Second,Whole,Experiment,1.6682707071304321,Scrambled,2.8468899726867676
108,1170.jpg,U,unconscious_aware,392,Extra,Whole,Extra,0.8867484927177429,Scrambled,-0.1721472144126892
102,1170.jpg,U,unconscious_unaware,396,Extra,Whole,Extra,2.5157012939453125,Scrambled,7.371822834014893
105,1170.jpg,U,unconscious_unaware,27,Exp_First,Whole,Experiment,4.76496696472168,Scrambled,7.829334735870361
115,1170.jpg,U,unconscious_unaware,429,Extra,Whole,Extra,3.16549015045166,Scrambled,-0.15382879972457886
116,1170.jpg,U,unconscious_unaware,57,Exp_First,Whole,Experiment,0.14892718195915222,Scrambled,0.2809984087944031
117,1170.jpg,U,unconscious_unaware,63,Exp_First,Whole,Experiment,,Scrambled,4.3489227294921875
102,1180.jpg,C,conscious_aware,22,Exp_First,Whole,Experiment,3.8510115146636963,Scrambled,-0.029513057321310043
103,1180.jpg,C,conscious_aware,38,Exp_First,Whole,Experiment,3.6651580333709717,Scrambled,9.366649627685547
116,1180.jpg,C,conscious_aware,120,Exp_Second,Whole,Experiment,4.6538543701171875,Scrambled,0.006674673408269882
108,1180.jpg,U,unconscious_aware,20,Exp_First,Whole,Experiment,2.6034975051879883,Scrambled,0.020118465647101402
119,1180.jpg,U,unconscious_aware,305,Extra,Whole,Extra,,Scrambled,-0.12415999919176102
102,1180.jpg,U,unconscious_unaware,346,Extra,Whole,Extra,3.03802490234375,Scrambled,1.6901843547821045
105,1180.jpg,U,unconscious_unaware,4,Exp_First,Whole,Experiment,0.7483556270599365,Scrambled,4.515735149383545
105,1180.jpg,U,unconscious_unaware,418,Extra,Whole,Extra,4.965681552886963,Scrambled,-0.12320136278867722
115,1180.jpg,U,unconscious_unaware,375,Extra,Whole,Extra,1.7787326574325562,Scrambled,9.323304176330566
117,1180.jpg,U,unconscious_unaware,106,Exp_Second,Whole,Experiment,,Scrambled,-0.062043484300374985
101,1182.jpg,C,conscious_aware,89,Exp_Second,Whole,Experiment,3.258831739425659,Scrambled,1.3241177797317505
108,1182.jpg,C,conscious_aware,91,Exp_Second,Whole,Experiment,1.9226078987121582,Scrambled,0.32028698921203613
115,1182.jpg,C,conscious_aware,84,Exp_Second,Whole,Experiment,2.493785858154297,Scrambled,0.9717652797698975
116,1182.jpg,C,conscious_aware,56,Exp_First,Whole,Experiment,3.3489933013916016,Scrambled,-0.15577179193496704
103,1182.jpg,U,unconscious_aware,410,Extra,Whole,Extra,1.9733507633209229,Scrambled,-0.16181032359600067
119,1182.jpg,U,unconscious_aware,324,Extra,Whole,Extra,-0.3114151060581207,Scrambled,-0.16181032359600067
101,1182.jpg,U,unconscious_unaware,379,Extra,Whole,Extra,5.398480415344238,Scrambled,1.1584279537200928
102,1182.jpg,U,unconscious_unaware,10,Exp_First,Whole,Experiment,2.212498426437378,Scrambled,2.9977872371673584
102,1182.jpg,U,unconscious_unaware,338,Extra,Whole,Extra,0.8132550716400146,Scrambled,1.9599658250808716
113,1182.jpg,U,unconscious_unaware,323,Extra,Whole,Extra,1.6232236623764038,Scrambled,1.8126258850097656
103,1189.jpg,C,conscious_aware,26,Exp_First,Whole,Experiment,1.7041261196136475,Scrambled,0.14972446858882904
113,1189.jpg,C,conscious_aware,64,Exp_First,Whole,Experiment,1.6725139617919922,Scrambled,-0.16360808908939362
115,1189.jpg,C,conscious_aware,28,Exp_First,Whole,Experiment,0.5761403441429138,Scrambled,2.6266932487487793
116,1189.jpg,C,conscious_aware,34,Exp_First,Whole,Experiment,,Scrambled,-0.02287345379590988
103,1189.jpg,U,unconscious_aware,427,Extra,Whole,Extra,,Scrambled,0.037931542843580246
114,1189.jpg,U,unconscious_aware,58,Exp_Second,Whole,Experiment,4.132129669189453,Scrambled,6.217106819152832
119,1189.jpg,U,unconscious_aware,452,Extra,Whole,Extra,-0.16149090230464935,Scrambled,0.22232003509998322
101,1189.jpg,U,unconscious_unaware,28,Exp_First,Whole,Experiment,8.117033004760742,Scrambled,0.825801432132721
102,1189.jpg,U,unconscious_unaware,87,Exp_Second,Whole,Experiment,3.6899895668029785,Scrambled,4.160909652709961
105,1189.jpg,U,unconscious_unaware,36,Exp_First,Whole,Experiment,6.851916313171387,Scrambled,-0.21258927881717682
116,1189.jpg,U,unconscious_unaware,431,Extra,Whole,Extra,8.759603500366211,Scrambled,2.3534927368164062
119,1189.jpg,U,unconscious_unaware,1,Exp_First,Whole,Experiment,10.6261568069458,Scrambled,0.2997826039791107
115,1194.jpg,C,conscious_aware,56,Exp_First,Whole,Experiment,-0.20466110110282898,Scrambled,0.9781709313392639
116,1194.jpg,C,conscious_aware,127,Exp_Second,Whole,Experiment,4.469990253448486,Scrambled,0.9737048745155334
119,1194.jpg,C,conscious_aware,85,Exp_Second,Whole,Experiment,1.7885388135910034,Scrambled,-0.11538586765527725
103,1194.jpg,U,unconscious_aware,424,Extra,Whole,Extra,-0.25051629543304443,Scrambled,1.3480535745620728
108,1194.jpg,U,unconscious_aware,58,Exp_First,Whole,Experiment,5.031335830688477,Scrambled,1.4000922441482544
117,1194.jpg,U,unconscious_aware,124,Exp_Second,Whole,Experiment,1.849328875541687,Scrambled,0.5677902102470398
102,1194.jpg,U,unconscious_unaware,88,Exp_Second,Whole,Experiment,2.416738986968994,Scrambled,1.9916912317276
115,1194.jpg,U,unconscious_unaware,356,Extra,Whole,Extra,5.151358604431152,Scrambled,-0.17455080151557922
101,1201.jpg,U,unconscious_unaware,308,Extra,Whole,Extra,0.08500123023986816,Scrambled,1.3818507194519043
115,1201.jpg,U,unconscious_unaware,343,Extra,Whole,Extra,-0.044866893440485,Scrambled,2.887007713317871
102,1202.jpg,C,conscious_aware,15,Exp_First,Whole,Experiment,4.302032470703125,Scrambled,-0.11765514314174652
103,1202.jpg,C,conscious_aware,8,Exp_First,Whole,Experiment,2.0190958976745605,Scrambled,-0.11765514314174652
111,1202.jpg,C,conscious_aware,77,Exp_Second,Whole,Experiment,-0.14623531699180603,Scrambled,-0.11765514314174652
115,1202.jpg,C,conscious_aware,6,Exp_First,Whole,Experiment,2.076035261154175,Scrambled,-0.11765515059232712
116,1202.jpg,C,conscious_aware,44,Exp_First,Whole,Experiment,,Scrambled,-0.11765515059232712
108,1202.jpg,U,unconscious_aware,49,Exp_First,Whole,Experiment,3.4147531986236572,Scrambled,-0.18419168889522552
117,1202.jpg,U,unconscious_aware,408,Extra,Whole,Extra,,Scrambled,-0.18419168889522552
102,1202.jpg,U,unconscious_unaware,385,Extra,Whole,Extra,3.5246150493621826,Scrambled,0.673932671546936
105,1202.jpg,U,unconscious_unaware,101,Exp_Second,Whole,Experiment,7.020223140716553,Scrambled,-0.1430671364068985
113,1202.jpg,U,unconscious_unaware,416,Extra,Whole,Extra,3.013659954071045,Scrambled,-0.18419168889522552
116,1202.jpg,U,unconscious_unaware,411,Extra,Whole,Extra,3.2666094303131104,Scrambled,0.8760554790496826
102,1207.jpg,C,conscious_aware,130,Exp_Second,Whole,Experiment,2.3495802879333496,Scrambled,1.1051114797592163
115,1207.jpg,C,conscious_aware,132,Exp_Second,Whole,Experiment,1.7817072868347168,Scrambled,0.0013949956046417356
119,1207.jpg,C,conscious_aware,92,Exp_Second,Whole,Experiment,1.6202939748764038,Scrambled,0.9425933957099915
101,1207.jpg,U,unconscious_unaware,66,Exp_Second,Whole,Experiment,1.8972902297973633,Scrambled,0.1189013421535492
105,1207.jpg,U,unconscious_unaware,131,Exp_Second,Whole,Experiment,4.2801899909973145,Scrambled,-0.2727813124656677
105,1207.jpg,U,unconscious_unaware,429,Extra,Whole,Extra,,Scrambled,-0.26583966612815857
116,1207.jpg,U,unconscious_unaware,98,Exp_Second,Whole,Experiment,2.3760077953338623,Scrambled,2.1123435497283936
117,1207.jpg,U,unconscious_unaware,97,Exp_Second,Whole,Experiment,,Scrambled,0.04399653151631355
101,1215.jpg,C,conscious_aware,31,Exp_First,Whole,Experiment,5.806536674499512,Scrambled,0.6399650573730469
102,1215.jpg,C,conscious_aware,64,Exp_First,Whole,Experiment,8.583634376525879,Scrambled,1.4680818319320679
103,1215.jpg,C,conscious_aware,128,Exp_Second,Whole,Experiment,7.6647820472717285,Scrambled,0.5648486018180847
111,1215.jpg,C,conscious_aware,58,Exp_First,Whole,Experiment,6.865146160125732,Scrambled,1.7182588577270508
115,1215.jpg,C,conscious_aware,60,Exp_First,Whole,Experiment,0.15145869553089142,Scrambled,0.319011926651001
119,1215.jpg,C,conscious_aware,131,Exp_Second,Whole,Experiment,8.053903579711914,Scrambled,1.6366454362869263
102,1215.jpg,U,unconscious_unaware,328,Extra,Whole,Extra,3.8641579151153564,Scrambled,3.6371588706970215
105,1215.jpg,U,unconscious_unaware,391,Extra,Whole,Extra,3.9915754795074463,Scrambled,3.0535240173339844
105,1215.jpg,U,unconscious_unaware,94,Exp_Second,Whole,Experiment,8.895864486694336,Scrambled,3.708855628967285
113,1215.jpg,U,unconscious_unaware,398,Extra,Whole,Extra,9.586277961730957,Scrambled,1.7687569856643677
116,1215.jpg,U,unconscious_unaware,32,Exp_First,Whole,Experiment,6.039865016937256,Scrambled,4.131218910217285
102,1222.jpg,C,conscious_aware,91,Exp_Second,Whole,Experiment,5.188234806060791,Scrambled,0.6909165382385254
107,1222.jpg,C,conscious_aware,26,Exp_First,Whole,Experiment,0.3227327764034271,Scrambled,-0.013886709697544575
111,1222.jpg,C,conscious_aware,124,Exp_Second,Whole,Experiment,1.9378119707107544,Scrambled,3.0388944149017334
115,1222.jpg,C,conscious_aware,11,Exp_First,Whole,Experiment,4.121383190155029,Scrambled,-0.15528137981891632
116,1222.jpg,C,conscious_aware,119,Exp_Second,Whole,Experiment,3.831641435623169,Scrambled,1.4950507879257202
119,1222.jpg,C,conscious_aware,23,Exp_First,Whole,Experiment,,Scrambled,3.214092969894409
108,1222.jpg,U,unconscious_aware,19,Exp_First,Whole,Experiment,3.8266520500183105,Scrambled,5.352609634399414
117,1222.jpg,U,unconscious_aware,121,Exp_Second,Whole,Experiment,,Scrambled,0.5771306157112122
117,1222.jpg,U,unconscious_aware,446,Extra,Whole,Extra,,Scrambled,0.18399201333522797
101,1222.jpg,U,unconscious_unaware,122,Exp_Second,Whole,Experiment,2.1119821071624756,Scrambled,-0.17445531487464905
103,1222.jpg,U,unconscious_unaware,28,Exp_First,Whole,Experiment,4.132508754730225,Scrambled,0.8116555213928223
113,1222.jpg,U,unconscious_unaware,115,Exp_Second,Whole,Experiment,2.8324015140533447,Scrambled,4.771563529968262
113,1222.jpg,U,unconscious_unaware,319,Extra,Whole,Extra,2.119483232498169,Scrambled,3.704287052154541
101,1223.jpg,C,conscious_aware,39,Exp_First,Whole,Experiment,5.093812465667725,Scrambled,2.4638376235961914
105,1223.jpg,C,conscious_aware,78,Exp_Second,Whole,Experiment,1.7433422803878784,Scrambled,-0.13736620545387268
111,1223.jpg,C,conscious_aware,15,Exp_First,Whole,Experiment,2.831373929977417,Scrambled,2.135685443878174
116,1223.jpg,C,conscious_aware,107,Exp_Second,Whole,Experiment,2.929429292678833,Scrambled,0.02034333348274231
119,1223.jpg,C,conscious_aware,42,Exp_First,Whole,Experiment,1.260474681854248,Scrambled,4.421743392944336
103,1223.jpg,U,unconscious_aware,107,Exp_Second,Whole,Experiment,0.3831320106983185,Scrambled,3.6257522106170654
108,1223.jpg,U,unconscious_aware,8,Exp_First,Whole,Experiment,2.564617395401001,Scrambled,-0.047455109655857086
119,1223.jpg,U,unconscious_aware,321,Extra,Whole,Extra,0.117892324924469,Scrambled,-0.23148410022258759
102,1223.jpg,U,unconscious_unaware,311,Extra,Whole,Extra,4.412473678588867,Scrambled,3.917576789855957
102,1223.jpg,U,unconscious_unaware,72,Exp_Second,Whole,Experiment,3.9226131439208984,Scrambled,2.8542532920837402
115,1223.jpg,U,unconscious_unaware,302,Extra,Whole,Extra,2.3224234580993652,Scrambled,1.7795215845108032
115,1223.jpg,U,unconscious_unaware,39,Exp_First,Whole,Experiment,0.9969601631164551,Scrambled,0.6134333610534668
101,1224.jpg,C,conscious_aware,41,Exp_First,Whole,Experiment,4.578239917755127,Scrambled,2.582885503768921
102,1224.jpg,C,conscious_aware,104,Exp_Second,Whole,Experiment,4.148962497711182,Scrambled,0.7275250554084778
107,1224.jpg,C,conscious_aware,107,Exp_Second,Whole,Experiment,2.9494845867156982,Scrambled,-0.06318674981594086
116,1224.jpg,C,conscious_aware,110,Exp_Second,Whole,Experiment,1.6444405317306519,Scrambled,0.6475610136985779
103,1224.jpg,U,unconscious_aware,103,Exp_Second,Whole,Experiment,,Scrambled,6.004977703094482
103,1224.jpg,U,unconscious_aware,438,Extra,Whole,Extra,3.056624412536621,Scrambled,1.6790528297424316
108,1224.jpg,U,unconscious_aware,110,Exp_Second,Whole,Experiment,4.198859691619873,Scrambled,3.3569834232330322
108,1224.jpg,U,unconscious_aware,423,Extra,Whole,Extra,3.756916046142578,Scrambled,6.3618645668029785
102,1224.jpg,U,unconscious_unaware,317,Extra,Whole,Extra,3.632842779159546,Scrambled,5.2419819831848145
105,1224.jpg,U,unconscious_unaware,75,Exp_Second,Whole,Experiment,4.527373313903809,Scrambled,4.121586322784424
115,1224.jpg,U,unconscious_unaware,109,Exp_Second,Whole,Experiment,1.4061529636383057,Scrambled,2.2367544174194336
116,1224.jpg,U,unconscious_unaware,317,Extra,Whole,Extra,3.2596445083618164,Scrambled,1.8189537525177002
102,1226.jpg,C,conscious_aware,58,Exp_First,Whole,Experiment,,Scrambled,1.20736563205719
116,1226.jpg,C,conscious_aware,96,Exp_Second,Whole,Experiment,,Scrambled,1.9262181520462036
103,1226.jpg,U,unconscious_aware,386,Extra,Whole,Extra,6.174152851104736,Scrambled,-0.20276077091693878
108,1226.jpg,U,unconscious_aware,56,Exp_First,Whole,Experiment,7.316560745239258,Scrambled,1.198014259338379
119,1226.jpg,U,unconscious_aware,23,Exp_First,Whole,Experiment,,Scrambled,-0.19735412299633026
119,1226.jpg,U,unconscious_aware,438,Extra,Whole,Extra,,Scrambled,1.0461169481277466
101,1226.jpg,U,unconscious_unaware,114,Exp_Second,Whole,Experiment,,Scrambled,0.8892408013343811
102,1226.jpg,U,unconscious_unaware,336,Extra,Whole,Extra,,Scrambled,8.6516695022583
113,1226.jpg,U,unconscious_unaware,387,Extra,Whole,Extra,7.853440761566162,Scrambled,1.8092702627182007
115,1226.jpg,U,unconscious_unaware,128,Exp_Second,Whole,Experiment,0.16201426088809967,Scrambled,-0.051225487142801285
115,1226.jpg,U,unconscious_unaware,359,Extra,Whole,Extra,8.195878028869629,Scrambled,0.37059059739112854
116,1226.jpg,U,unconscious_unaware,394,Extra,Whole,Extra,0.27921926975250244,Scrambled,0.8336032629013062
108,1235.jpg,C,conscious_aware,70,Exp_Second,Whole,Experiment,,Scrambled,1.3100240230560303
115,1235.jpg,C,conscious_aware,3,Exp_First,Whole,Experiment,,Scrambled,0.910174548625946
117,1235.jpg,C,conscious_aware,101,Exp_Second,Whole,Experiment,,Scrambled,0.8967898488044739
117,1235.jpg,U,unconscious_aware,434,Extra,Whole,Extra,,Scrambled,1.095523476600647
119,1235.jpg,U,unconscious_aware,310,Extra,Whole,Extra,,Scrambled,0.2518441379070282
101,1235.jpg,U,unconscious_unaware,105,Exp_Second,Whole,Experiment,0.12710054218769073,Scrambled,1.9690271615982056
101,1235.jpg,U,unconscious_unaware,348,Extra,Whole,Extra,3.8147072792053223,Scrambled,1.4950048923492432
102,1235.jpg,U,unconscious_unaware,38,Exp_First,Whole,Experiment,5.445245742797852,Scrambled,1.3766777515411377
103,1235.jpg,U,unconscious_unaware,76,Exp_Second,Whole,Experiment,-0.027645617723464966,Scrambled,0.5585882067680359
116,1235.jpg,U,unconscious_unaware,108,Exp_Second,Whole,Experiment,0.6767613887786865,Scrambled,-0.040542133152484894
102,1240.jpg,C,conscious_aware,94,Exp_Second,Whole,Experiment,4.253734588623047,Scrambled,2.5416274070739746
107,1240.jpg,C,conscious_aware,61,Exp_First,Whole,Experiment,7.615209579467773,Scrambled,3.0412938594818115
111,1240.jpg,C,conscious_aware,11,Exp_First,Whole,Experiment,7.133188724517822,Scrambled,2.4128496646881104
114,1240.jpg,C,conscious_aware,21,Exp_First,Whole,Experiment,,Scrambled,0.3196236491203308
117,1240.jpg,C,conscious_aware,44,Exp_First,Whole,Experiment,7.4605584144592285,Scrambled,1.8496907949447632
103,1240.jpg,U,unconscious_aware,101,Exp_Second,Whole,Experiment,6.047340393066406,Scrambled,1.1567314863204956
108,1240.jpg,U,unconscious_aware,324,Extra,Whole,Extra,8.209671974182129,Scrambled,-0.2367076277732849
108,1240.jpg,U,unconscious_aware,38,Exp_First,Whole,Experiment,7.14048433303833,Scrambled,0.14874057471752167
117,1240.jpg,U,unconscious_aware,452,Extra,Whole,Extra,7.445637226104736,Scrambled,0.6766337156295776
101,1240.jpg,U,unconscious_unaware,84,Exp_Second,Whole,Experiment,4.096599102020264,Scrambled,0.06279107928276062
105,1240.jpg,U,unconscious_unaware,323,Extra,Whole,Extra,0.7647714018821716,Scrambled,0.6704545617103577
115,1240.jpg,U,unconscious_unaware,77,Exp_Second,Whole,Experiment,4.572811126708984,Scrambled,0.8085172176361084
116,1240.jpg,U,unconscious_unaware,84,Exp_Second,Whole,Experiment,5.915853977203369,Scrambled,-0.237512469291687
102,1247.jpg,C,conscious_aware,109,Exp_Second,Whole,Experiment,6.693431854248047,Scrambled,0.5924040079116821
105,1247.jpg,C,conscious_aware,111,Exp_Second,Whole,Experiment,4.675061225891113,Scrambled,5.539386749267578
116,1247.jpg,C,conscious_aware,68,Exp_Second,Whole,Experiment,9.074188232421875,Scrambled,3.727487564086914
103,1247.jpg,U,unconscious_aware,405,Extra,Whole,Extra,2.120861291885376,Scrambled,-0.14620909094810486
108,1247.jpg,U,unconscious_aware,69,Exp_First,Whole,Experiment,4.232242584228516,Scrambled,0.9701031446456909
101,1247.jpg,U,unconscious_unaware,8,Exp_First,Whole,Experiment,6.859432220458984,Scrambled,0.15109726786613464
102,1247.jpg,U,unconscious_unaware,307,Extra,Whole,Extra,6.358320236206055,Scrambled,-0.16245515644550323
113,1247.jpg,U,unconscious_unaware,309,Extra,Whole,Extra,0.9298112988471985,Scrambled,3.2141780853271484
114,1247.jpg,U,unconscious_unaware,38,Exp_First,Whole,Experiment,,Scrambled,-0.21444204449653625
117,1247.jpg,U,unconscious_unaware,44,Exp_First,Whole,Experiment,,Scrambled,0.3711216151714325
102,1253.jpg,C,conscious_aware,75,Exp_Second,Whole,Experiment,4.464920520782471,Scrambled,-0.0016891658306121826
103,1253.jpg,C,conscious_aware,14,Exp_First,Whole,Experiment,5.311927318572998,Scrambled,2.7826852798461914
108,1253.jpg,C,conscious_aware,109,Exp_Second,Whole,Experiment,-0.13623686134815216,Scrambled,6.312469959259033
111,1253.jpg,C,conscious_aware,108,Exp_Second,Whole,Experiment,0.6272629499435425,Scrambled,2.5793216228485107
116,1253.jpg,C,conscious_aware,112,Exp_Second,Whole,Experiment,2.2840306758880615,Scrambled,0.5162877440452576
117,1253.jpg,C,conscious_aware,109,Exp_Second,Whole,Experiment,7.642704486846924,Scrambled,0.5653800368309021
119,1253.jpg,U,unconscious_aware,117,Exp_Second,Whole,Experiment,,Scrambled,-0.15089546144008636
119,1253.jpg,U,unconscious_aware,386,Extra,Whole,Extra,2.9742848873138428,Scrambled,-0.15089546144008636
113,1253.jpg,U,unconscious_unaware,113,Exp_Second,Whole,Experiment,3.404367446899414,Scrambled,8.55814266204834
115,1253.jpg,U,unconscious_unaware,15,Exp_First,Whole,Experiment,0.380280077457428,Scrambled,0.09929386526346207
115,1253.jpg,U,unconscious_unaware,350,Extra,Whole,Extra,0.4118904173374176,Scrambled,2.432647943496704
116,1253.jpg,U,unconscious_unaware,383,Extra,Whole,Extra,3.801711320877075,Scrambled,3.882875442504883
103,1255.jpg,C,conscious_aware,61,Exp_First,Whole,Experiment,3.9745075702667236,Scrambled,1.8389827013015747
108,1255.jpg,C,conscious_aware,80,Exp_Second,Whole,Experiment,-0.05724957212805748,Scrambled,0.8362209796905518
117,1255.jpg,U,unconscious_aware,398,Extra,Whole,Extra,,Scrambled,0.07307369261980057
119,1255.jpg,U,unconscious_aware,447,Extra,Whole,Extra,,Scrambled,-0.2221502810716629
101,1255.jpg,U,unconscious_unaware,91,Exp_Second,Whole,Experiment,2.215190887451172,Scrambled,2.5241734981536865
102,1255.jpg,U,unconscious_unaware,30,Exp_First,Whole,Experiment,3.940300941467285,Scrambled,1.5321450233459473
102,1255.jpg,U,unconscious_unaware,322,Extra,Whole,Extra,4.342674255371094,Scrambled,-0.2137170284986496
105,1255.jpg,U,unconscious_unaware,395,Extra,Whole,Extra,5.602425575256348,Scrambled,3.8762736320495605
113,1255.jpg,U,unconscious_unaware,59,Exp_First,Whole,Experiment,5.921199798583984,Scrambled,6.662083625793457
114,1255.jpg,U,unconscious_unaware,340,Extra,Whole,Extra,,Scrambled,1.118519902229309
114,1255.jpg,U,unconscious_unaware,94,Exp_Second,Whole,Experiment,9.51164436340332,Scrambled,5.1271538734436035
115,1255.jpg,U,unconscious_unaware,361,Extra,Whole,Extra,,Scrambled,4.6965436935424805
116,1255.jpg,U,unconscious_unaware,356,Extra,Whole,Extra,-0.19964128732681274,Scrambled,1.7702261209487915
103,1256.jpg,C,conscious_aware,5,Exp_First,Whole,Experiment,,Scrambled,2.905935287475586
111,1256.jpg,C,conscious_aware,101,Exp_Second,Whole,Experiment,8.888690948486328,Scrambled,-0.12875784933567047
116,1256.jpg,U,unconscious_aware,101,Exp_Second,Whole,Experiment,6.976975917816162,Scrambled,0.3526446223258972
119,1256.jpg,U,unconscious_aware,100,Exp_Second,Whole,Experiment,,Scrambled,-0.17770378291606903
101,1256.jpg,U,unconscious_unaware,338,Extra,Whole,Extra,3.544768810272217,Scrambled,3.0149083137512207
113,1256.jpg,U,unconscious_unaware,4,Exp_First,Whole,Experiment,6.012607574462891,Scrambled,2.5432844161987305
115,1256.jpg,U,unconscious_unaware,405,Extra,Whole,Extra,4.4158616065979,Scrambled,1.8648637533187866
117,1256.jpg,U,unconscious_unaware,105,Exp_Second,Whole,Experiment,,Scrambled,0.16453073918819427
115,1257.jpg,C,conscious_aware,113,Exp_Second,Whole,Experiment,-0.11533885449171066,Scrambled,-0.03547659143805504
119,1257.jpg,C,conscious_aware,102,Exp_Second,Whole,Experiment,-0.11533886939287186,Scrambled,-0.15955212712287903
102,1257.jpg,U,unconscious_unaware,108,Exp_Second,Whole,Experiment,1.7500076293945312,Scrambled,6.701003074645996
102,1257.jpg,U,unconscious_unaware,319,Extra,Whole,Extra,1.9929364919662476,Scrambled,4.578496932983398
113,1257.jpg,U,unconscious_unaware,370,Extra,Whole,Extra,,Scrambled,3.057569742202759
114,1257.jpg,U,unconscious_unaware,70,Exp_Second,Whole,Experiment,5.620635986328125,Scrambled,5.6288933753967285
116,1257.jpg,U,unconscious_unaware,85,Exp_Second,Whole,Experiment,2.9155304431915283,Scrambled,1.9021146297454834
117,1257.jpg,U,unconscious_unaware,6,Exp_First,Whole,Experiment,,Scrambled,1.2155793905258179
101,1258.jpg,C,conscious_aware,18,Exp_First,Whole,Experiment,3.0412912368774414,Scrambled,5.503647804260254
102,1258.jpg,C,conscious_aware,120,Exp_Second,Whole,Experiment,4.443386554718018,Scrambled,0.1252911537885666
103,1258.jpg,C,conscious_aware,86,Exp_Second,Whole,Experiment,5.364656925201416,Scrambled,7.8572998046875
105,1258.jpg,C,conscious_aware,126,Exp_Second,Whole,Experiment,2.826021432876587,Scrambled,4.369027614593506
108,1258.jpg,C,conscious_aware,50,Exp_First,Whole,Experiment,4.953033447265625,Scrambled,2.004851818084717
116,1258.jpg,C,conscious_aware,123,Exp_Second,Whole,Experiment,3.2256858348846436,Scrambled,0.15979306399822235
101,1258.jpg,U,unconscious_unaware,447,Extra,Whole,Extra,7.516430854797363,Scrambled,0.8548482060432434
102,1258.jpg,U,unconscious_unaware,361,Extra,Whole,Extra,7.092917442321777,Scrambled,2.072920322418213
113,1258.jpg,U,unconscious_unaware,29,Exp_First,Whole,Experiment,5.6448774337768555,Scrambled,3.6885392665863037
115,1258.jpg,U,unconscious_unaware,55,Exp_First,Whole,Experiment,8.126111030578613,Scrambled,1.654151439666748
102,1261.jpg,C,conscious_aware,77,Exp_Second,Whole,Experiment,4.752902984619141,Scrambled,0.22570045292377472
111,1261.jpg,C,conscious_aware,104,Exp_Second,Whole,Experiment,9.36440658569336,Scrambled,-0.19707022607326508
116,1261.jpg,C,conscious_aware,11,Exp_First,Whole,Experiment,1.844097375869751,Scrambled,1.5793637037277222
117,1261.jpg,C,conscious_aware,119,Exp_Second,Whole,Experiment,9.339263916015625,Scrambled,1.0303288698196411
108,1261.jpg,U,unconscious_aware,321,Extra,Whole,Extra,1.0065642595291138,Scrambled,2.9565041065216064
117,1261.jpg,U,unconscious_aware,436,Extra,Whole,Extra,,Scrambled,-0.20931783318519592
119,1261.jpg,U,unconscious_aware,343,Extra,Whole,Extra,3.1116271018981934,Scrambled,-0.20931783318519592
101,1261.jpg,U,unconscious_unaware,356,Extra,Whole,Extra,9.290950775146484,Scrambled,2.866938591003418
102,1261.jpg,U,unconscious_unaware,312,Extra,Whole,Extra,8.849983215332031,Scrambled,3.9404773712158203
105,1261.jpg,U,unconscious_unaware,37,Exp_First,Whole,Experiment,7.622551441192627,Scrambled,0.9651498198509216
113,1261.jpg,U,unconscious_unaware,41,Exp_First,Whole,Experiment,1.7922542095184326,Scrambled,2.973814010620117
115,1261.jpg,U,unconscious_unaware,445,Extra,Whole,Extra,0.5441965460777283,Scrambled,0.36316242814064026
119,1261.jpg,U,unconscious_unaware,4,Exp_First,Whole,Experiment,4.581629276275635,Scrambled,-0.04329906031489372
101,1263.jpg,C,conscious_aware,55,Exp_First,Whole,Experiment,4.610805988311768,Scrambled,9.859708786010742
102,1263.jpg,C,conscious_aware,47,Exp_First,Whole,Experiment,6.109678268432617,Scrambled,1.9003719091415405
103,1263.jpg,C,conscious_aware,116,Exp_Second,Whole,Experiment,2.700312852859497,Scrambled,3.6283562183380127
105,1263.jpg,C,conscious_aware,42,Exp_First,Whole,Experiment,5.143270492553711,Scrambled,1.8700342178344727
107,1263.jpg,C,conscious_aware,113,Exp_Second,Whole,Experiment,5.033690929412842,Scrambled,0.18618321418762207
108,1263.jpg,C,conscious_aware,13,Exp_First,Whole,Experiment,3.6668436527252197,Scrambled,1.0048617124557495
111,1263.jpg,C,conscious_aware,53,Exp_First,Whole,Experiment,2.1520769596099854,Scrambled,-0.19091995060443878
113,1263.jpg,C,conscious_aware,47,Exp_First,Whole,Experiment,1.5216879844665527,Scrambled,-0.19091996550559998
105,1263.jpg,U,unconscious_unaware,416,Extra,Whole,Extra,4.540588855743408,Scrambled,2.3250863552093506
115,1263.jpg,U,unconscious_unaware,53,Exp_First,Whole,Experiment,4.656254768371582,Scrambled,6.177615642547607
108,1266.jpg,U,unconscious_aware,436,Extra,Whole,Extra,1.3094816207885742,Scrambled,-0.11533886194229126
117,1266.jpg,U,unconscious_aware,376,Extra,Whole,Extra,-0.2242797166109085,Scrambled,2.1989078521728516
101,1271.jpg,C,conscious_aware,22,Exp_First,Whole,Experiment,-0.1365327090024948,Scrambled,4.307503700256348
107,1271.jpg,C,conscious_aware,12,Exp_First,Whole,Experiment,1.2334657907485962,Scrambled,-0.23905029892921448
116,1271.jpg,C,conscious_aware,51,Exp_First,Whole,Experiment,1.2334657907485962,Scrambled,0.4589838683605194
101,1271.jpg,U,unconscious_unaware,352,Extra,Whole,Extra,4.770246505737305,Scrambled,0.6451060771942139
105,1271.jpg,U,unconscious_unaware,11,Exp_First,Whole,Experiment,4.873586177825928,Scrambled,0.2229478806257248
113,1271.jpg,U,unconscious_unaware,421,Extra,Whole,Extra,1.2979761362075806,Scrambled,7.670581817626953
114,1271.jpg,U,unconscious_unaware,75,Exp_Second,Whole,Experiment,,Scrambled,-0.21036089956760406
115,1271.jpg,U,unconscious_unaware,119,Exp_Second,Whole,Experiment,0.2922655940055847,Scrambled,2.905831813812256
115,1271.jpg,U,unconscious_unaware,357,Extra,Whole,Extra,1.1901336908340454,Scrambled,1.1065435409545898
102,1280.jpg,C,conscious_aware,101,Exp_Second,Whole,Experiment,,Scrambled,2.257760524749756
105,1280.jpg,C,conscious_aware,37,Exp_First,Whole,Experiment,7.472378730773926,Scrambled,4.9494476318359375
116,1280.jpg,C,conscious_aware,2,Exp_First,Whole,Experiment,11.32684326171875,Scrambled,-0.15126734972000122
117,1280.jpg,C,conscious_aware,35,Exp_First,Whole,Experiment,9.790156364440918,Scrambled,2.304494857788086
103,1280.jpg,U,unconscious_aware,73,Exp_First,Whole,Experiment,-0.13550451397895813,Scrambled,-0.1944817453622818
117,1280.jpg,U,unconscious_aware,345,Extra,Whole,Extra,,Scrambled,0.48689690232276917
111,1282.jpg,C,conscious_aware,73,Exp_Second,Whole,Experiment,8.428813934326172,Scrambled,0.46772563457489014
113,1282.jpg,C,conscious_aware,101,Exp_Second,Whole,Experiment,5.033353328704834,Scrambled,0.2090723067522049
115,1282.jpg,C,conscious_aware,38,Exp_First,Whole,Experiment,2.4802231788635254,Scrambled,0.38623082637786865
117,1282.jpg,C,conscious_aware,49,Exp_First,Whole,Experiment,1.901453971862793,Scrambled,1.3845915794372559
119,1282.jpg,C,conscious_aware,86,Exp_Second,Whole,Experiment,1.8849806785583496,Scrambled,-0.19900116324424744
101,1282.jpg,U,unconscious_aware,104,Exp_Second,Whole,Experiment,3.3909313678741455,Scrambled,0.313834011554718
103,1282.jpg,U,unconscious_aware,355,Extra,Whole,Extra,1.0229873657226562,Scrambled,1.1105706691741943
103,1282.jpg,U,unconscious_aware,46,Exp_First,Whole,Experiment,1.4787228107452393,Scrambled,6.142923355102539
116,1282.jpg,U,unconscious_aware,70,Exp_First,Whole,Experiment,2.8187978267669678,Scrambled,-0.2450389713048935
119,1282.jpg,U,unconscious_aware,309,Extra,Whole,Extra,1.6613430976867676,Scrambled,-0.23944826424121857
105,1282.jpg,U,unconscious_unaware,14,Exp_First,Whole,Experiment,3.5940206050872803,Scrambled,0.12493043392896652
114,1282.jpg,U,unconscious_unaware,86,Exp_Second,Whole,Experiment,,Scrambled,4.7830491065979
107,1289.jpg,C,conscious_aware,74,Exp_Second,Whole,Experiment,2.871870756149292,Scrambled,0.2755931317806244
111,1289.jpg,C,conscious_aware,89,Exp_Second,Whole,Experiment,1.2601407766342163,Scrambled,-0.01935908943414688
113,1289.jpg,C,conscious_aware,86,Exp_Second,Whole,Experiment,2.2889702320098877,Scrambled,-0.0523594506084919
115,1289.jpg,C,conscious_aware,106,Exp_Second,Whole,Experiment,2.993952751159668,Scrambled,0.8359155654907227
108,1289.jpg,U,unconscious_aware,24,Exp_First,Whole,Experiment,2.6934654712677,Scrambled,3.8103740215301514
119,1289.jpg,U,unconscious_aware,111,Exp_Second,Whole,Experiment,,Scrambled,-0.15940773487091064
119,1289.jpg,U,unconscious_aware,338,Extra,Whole,Extra,0.1641550213098526,Scrambled,-0.15940773487091064
102,1289.jpg,U,unconscious_unaware,37,Exp_First,Whole,Experiment,2.2399020195007324,Scrambled,3.856607437133789
105,1289.jpg,U,unconscious_unaware,16,Exp_First,Whole,Experiment,3.906214714050293,Scrambled,0.9768126010894775
105,1289.jpg,U,unconscious_unaware,362,Extra,Whole,Extra,1.5191059112548828,Scrambled,-0.15651433169841766
113,1289.jpg,U,unconscious_unaware,313,Extra,Whole,Extra,2.3353183269500732,Scrambled,-0.09453698992729187
115,1289.jpg,U,unconscious_unaware,347,Extra,Whole,Extra,2.3604633808135986,Scrambled,0.1287282258272171
116,1289.jpg,U,unconscious_unaware,82,Exp_Second,Whole,Experiment,3.9803831577301025,Scrambled,1.963733434677124
117,1289.jpg,U,unconscious_unaware,9,Exp_First,Whole,Experiment,,Scrambled,-0.15940773487091064
102,1292.jpg,C,conscious_aware,42,Exp_First,Whole,Experiment,4.978470325469971,Scrambled,0.4192568361759186
108,1292.jpg,C,conscious_aware,8,Exp_First,Whole,Experiment,-0.22076033055782318,Scrambled,3.750438690185547
115,1292.jpg,C,conscious_aware,78,Exp_Second,Whole,Experiment,3.799330711364746,Scrambled,1.0364060401916504
101,1292.jpg,U,unconscious_aware,373,Extra,Whole,Extra,4.972472190856934,Scrambled,1.0019047260284424
113,1292.jpg,U,unconscious_aware,67,Exp_First,Whole,Experiment,3.495013952255249,Scrambled,2.112704277038574
119,1292.jpg,U,unconscious_aware,450,Extra,Whole,Extra,4.894375801086426,Scrambled,1.144268274307251
103,1303.jpg,C,conscious_aware,63,Exp_First,Whole,Experiment,3.135976552963257,Scrambled,8.544631004333496
108,1303.jpg,C,conscious_aware,92,Exp_Second,Whole,Experiment,1.6518023014068604,Scrambled,-0.11549849808216095
115,1303.jpg,C,conscious_aware,129,Exp_Second,Whole,Experiment,3.334386110305786,Scrambled,0.04399386793375015
116,1303.jpg,C,conscious_aware,98,Exp_Second,Whole,Experiment,1.5707294940948486,Scrambled,2.9914824962615967
108,1303.jpg,U,unconscious_aware,369,Extra,Whole,Extra,4.124183177947998,Scrambled,0.7519722580909729
117,1303.jpg,U,unconscious_aware,329,Extra,Whole,Extra,,Scrambled,0.7224311232566833
119,1303.jpg,U,unconscious_aware,428,Extra,Whole,Extra,4.715136528015137,Scrambled,-0.082047238945961
101,1303.jpg,U,unconscious_unaware,56,Exp_First,Whole,Experiment,5.220091342926025,Scrambled,2.197585344314575
102,1303.jpg,U,unconscious_unaware,26,Exp_First,Whole,Experiment,1.159812331199646,Scrambled,4.617983341217041
105,1303.jpg,U,unconscious_unaware,124,Exp_Second,Whole,Experiment,2.5359768867492676,Scrambled,3.4193367958068848
105,1303.jpg,U,unconscious_unaware,381,Extra,Whole,Extra,4.320033073425293,Scrambled,1.202962875366211
116,1303.jpg,U,unconscious_unaware,358,Extra,Whole,Extra,2.89438533782959,Scrambled,2.0053231716156006
117,1303.jpg,U,unconscious_unaware,95,Exp_Second,Whole,Experiment,,Scrambled,0.8774184584617615
101,1310.jpg,C,conscious_aware,71,Exp_Second,Whole,Experiment,3.2483482360839844,Scrambled,1.2580633163452148
108,1310.jpg,C,conscious_aware,77,Exp_Second,Whole,Experiment,0.37075164914131165,Scrambled,2.0027360916137695
117,1310.jpg,C,conscious_aware,78,Exp_First,Whole,Experiment,7.487854957580566,Scrambled,4.280409336090088
102,1310.jpg,U,unconscious_unaware,381,Extra,Whole,Extra,1.9797759056091309,Scrambled,0.3637908399105072
102,1310.jpg,U,unconscious_unaware,71,Exp_Second,Whole,Experiment,3.119110345840454,Scrambled,1.6808605194091797
105,1310.jpg,U,unconscious_unaware,20,Exp_First,Whole,Experiment,6.4519124031066895,Scrambled,7.916837215423584
115,1310.jpg,U,unconscious_unaware,2,Exp_First,Whole,Experiment,6.190695285797119,Scrambled,0.0031427282374352217
116,1310.jpg,U,unconscious_unaware,11,Exp_First,Whole,Experiment,3.28039288520813,Scrambled,-0.15286946296691895
102,1318.jpg,C,conscious_aware,44,Exp_First,Whole,Experiment,,Scrambled,1.530053734779358
108,1318.jpg,C,conscious_aware,117,Exp_Second,Whole,Experiment,,Scrambled,2.2738304138183594
116,1318.jpg,C,conscious_aware,40,Exp_First,Whole,Experiment,,Scrambled,3.3383195400238037
117,1318.jpg,C,conscious_aware,127,Exp_Second,Whole,Experiment,,Scrambled,0.6915040612220764
101,1318.jpg,U,unconscious_unaware,400,Extra,Whole,Extra,,Scrambled,-0.15082678198814392
101,1318.jpg,U,unconscious_unaware,53,Exp_First,Whole,Experiment,-0.1355670541524887,Scrambled,0.7282691597938538
103,1318.jpg,U,unconscious_unaware,90,Exp_Second,Whole,Experiment,-0.11533885449171066,Scrambled,3.9434924125671387
115,1318.jpg,U,unconscious_unaware,106,Exp_Second,Whole,Experiment,,Scrambled,1.351613998413086
115,1318.jpg,U,unconscious_unaware,389,Extra,Whole,Extra,,Scrambled,1.646032691001892
102,1320.jpg,C,conscious_aware,51,Exp_First,Whole,Experiment,5.526259899139404,Scrambled,1.2565295696258545
103,1320.jpg,C,conscious_aware,110,Exp_Second,Whole,Experiment,6.702008247375488,Scrambled,0.4253028631210327
115,1320.jpg,C,conscious_aware,43,Exp_First,Whole,Experiment,7.305765628814697,Scrambled,0.05177419260144234
116,1320.jpg,C,conscious_aware,50,Exp_First,Whole,Experiment,-0.16362445056438446,Scrambled,0.1686951220035553
117,1320.jpg,C,conscious_aware,125,Exp_Second,Whole,Experiment,6.3124895095825195,Scrambled,1.8467897176742554
101,1320.jpg,U,unconscious_unaware,416,Extra,Whole,Extra,2.555889129638672,Scrambled,2.5701863765716553
105,1320.jpg,U,unconscious_unaware,42,Exp_First,Whole,Experiment,9.750747680664062,Scrambled,0.883805513381958
113,1320.jpg,U,unconscious_unaware,83,Exp_Second,Whole,Experiment,5.656802654266357,Scrambled,1.2890900373458862
114,1320.jpg,U,unconscious_unaware,74,Exp_Second,Whole,Experiment,,Scrambled,1.5095022916793823
116,1320.jpg,U,unconscious_unaware,414,Extra,Whole,Extra,1.8262284994125366,Scrambled,2.1689956188201904
111,1330.jpg,C,conscious_aware,49,Exp_First,Whole,Experiment,8.407764434814453,Scrambled,7.013851642608643
113,1330.jpg,C,conscious_aware,82,Exp_First,Whole,Experiment,9.188016891479492,Scrambled,1.2721030712127686
115,1330.jpg,C,conscious_aware,14,Exp_First,Whole,Experiment,0.12419315427541733,Scrambled,-0.03948671743273735
117,1330.jpg,C,conscious_aware,111,Exp_Second,Whole,Experiment,7.887474060058594,Scrambled,1.212256669998169
119,1330.jpg,C,conscious_aware,47,Exp_First,Whole,Experiment,3.8371543884277344,Scrambled,-0.15735644102096558
101,1330.jpg,U,unconscious_aware,3,Exp_First,Whole,Experiment,5.175185203552246,Scrambled,-0.15629863739013672
108,1330.jpg,U,unconscious_aware,17,Exp_First,Whole,Experiment,6.188164710998535,Scrambled,5.8416876792907715
119,1330.jpg,U,unconscious_aware,318,Extra,Whole,Extra,4.498239517211914,Scrambled,0.013110345229506493
101,1330.jpg,U,unconscious_unaware,443,Extra,Whole,Extra,1.4876585006713867,Scrambled,1.7380515336990356
102,1330.jpg,U,unconscious_unaware,52,Exp_First,Whole,Experiment,6.702093124389648,Scrambled,6.3977203369140625
105,1330.jpg,U,unconscious_unaware,339,Extra,Whole,Extra,6.601623058319092,Scrambled,1.474707841873169
114,1330.jpg,U,unconscious_unaware,68,Exp_Second,Whole,Experiment,,Scrambled,2.005431652069092
116,1330.jpg,U,unconscious_unaware,92,Exp_Second,Whole,Experiment,3.188060998916626,Scrambled,2.4569313526153564
102,1338.jpg,C,conscious_aware,78,Exp_Second,Whole,Experiment,,Scrambled,1.0176204442977905
111,1338.jpg,C,conscious_aware,5,Exp_First,Whole,Experiment,1.7238978147506714,Scrambled,1.2831177711486816
115,1338.jpg,C,conscious_aware,8,Exp_First,Whole,Experiment,-0.18627142906188965,Scrambled,0.9474758505821228
116,1338.jpg,C,conscious_aware,82,Exp_Second,Whole,Experiment,0.5807609558105469,Scrambled,2.160968065261841
103,1338.jpg,U,unconscious_aware,434,Extra,Whole,Extra,4.63916540145874,Scrambled,0.015463883057236671
117,1338.jpg,U,unconscious_aware,73,Exp_Second,Whole,Experiment,,Scrambled,-0.0013761967420578003
119,1338.jpg,U,unconscious_aware,376,Extra,Whole,Extra,,Scrambled,0.04810724034905434
101,1340.jpg,C,conscious_aware,43,Exp_First,Whole,Experiment,5.5065155029296875,Scrambled,-0.11599506437778473
102,1340.jpg,C,conscious_aware,83,Exp_Second,Whole,Experiment,4.445587635040283,Scrambled,-0.11590608954429626
107,1340.jpg,C,conscious_aware,40,Exp_First,Whole,Experiment,5.412805080413818,Scrambled,-0.11599506437778473
115,1340.jpg,C,conscious_aware,21,Exp_First,Whole,Experiment,6.377492904663086,Scrambled,-0.11599505692720413
116,1340.jpg,C,conscious_aware,102,Exp_Second,Whole,Experiment,1.841052770614624,Scrambled,-0.11579213291406631
103,1340.jpg,U,unconscious_aware,117,Exp_Second,Whole,Experiment,3.443040609359741,Scrambled,0.1835593283176422
103,1340.jpg,U,unconscious_aware,416,Extra,Whole,Extra,1.501121997833252,Scrambled,0.22301015257835388
119,1340.jpg,U,unconscious_aware,50,Exp_First,Whole,Experiment,3.7477235794067383,Scrambled,0.840754508972168
105,1340.jpg,U,unconscious_unaware,305,Extra,Whole,Extra,0.9649287462234497,Scrambled,1.805706262588501
113,1340.jpg,U,unconscious_unaware,411,Extra,Whole,Extra,3.2342770099639893,Scrambled,8.743963241577148
114,1340.jpg,U,unconscious_unaware,78,Exp_Second,Whole,Experiment,,Scrambled,-0.20329764485359192
115,1340.jpg,U,unconscious_unaware,448,Extra,Whole,Extra,-0.0009565142681822181,Scrambled,3.92022967338562
116,1340.jpg,U,unconscious_unaware,339,Extra,Whole,Extra,2.7730534076690674,Scrambled,2.151824712753296
117,1340.jpg,U,unconscious_unaware,13,Exp_First,Whole,Experiment,,Scrambled,-0.20329764485359192
107,1351.jpg,C,conscious_aware,71,Exp_Second,Whole,Experiment,,Scrambled,6.543527126312256
115,1351.jpg,C,conscious_aware,120,Exp_Second,Whole,Experiment,,Scrambled,1.442812204360962
102,1351.jpg,U,unconscious_unaware,3,Exp_First,Whole,Experiment,4.238277912139893,Scrambled,2.4304115772247314
105,1351.jpg,U,unconscious_unaware,17,Exp_First,Whole,Experiment,7.841976165771484,Scrambled,0.014521514996886253
105,1351.jpg,U,unconscious_unaware,318,Extra,Whole,Extra,2.6128599643707275,Scrambled,2.4339542388916016
113,1351.jpg,U,unconscious_unaware,102,Exp_Second,Whole,Experiment,5.932602405548096,Scrambled,6.101329803466797
116,1351.jpg,U,unconscious_unaware,322,Extra,Whole,Extra,3.7733662128448486,Scrambled,6.685981750488281
101,1352.jpg,C,conscious_aware,58,Exp_First,Whole,Experiment,2.96158766746521,Scrambled,2.1098384857177734
102,1352.jpg,C,conscious_aware,16,Exp_First,Whole,Experiment,,Scrambled,2.748124837875366
107,1352.jpg,C,conscious_aware,48,Exp_First,Whole,Experiment,2.528804063796997,Scrambled,3.244961738586426
111,1352.jpg,C,conscious_aware,61,Exp_First,Whole,Experiment,2.4808220863342285,Scrambled,2.47336483001709
115,1352.jpg,C,conscious_aware,87,Exp_Second,Whole,Experiment,1.7258481979370117,Scrambled,-0.010737435892224312
103,1352.jpg,U,unconscious_aware,358,Extra,Whole,Extra,3.543299913406372,Scrambled,2.482997417449951
103,1352.jpg,U,unconscious_aware,82,Exp_Second,Whole,Experiment,1.6101220846176147,Scrambled,2.917588949203491
108,1352.jpg,U,unconscious_aware,424,Extra,Whole,Extra,0.4023141860961914,Scrambled,8.339852333068848
117,1352.jpg,U,unconscious_aware,122,Exp_Second,Whole,Experiment,,Scrambled,1.5647321939468384
119,1352.jpg,U,unconscious_aware,348,Extra,Whole,Extra,1.0001165866851807,Scrambled,0.2857412099838257
105,1352.jpg,U,unconscious_unaware,312,Extra,Whole,Extra,0.9501522183418274,Scrambled,2.5090420246124268
116,1352.jpg,U,unconscious_unaware,79,Exp_Second,Whole,Experiment,2.9111483097076416,Scrambled,4.424180030822754
103,1356.jpg,C,conscious_aware,58,Exp_First,Whole,Experiment,-0.1663646697998047,Scrambled,0.9277826547622681
108,1356.jpg,C,conscious_aware,100,Exp_Second,Whole,Experiment,0.4034085273742676,Scrambled,1.555692434310913
115,1356.jpg,C,conscious_aware,5,Exp_First,Whole,Experiment,0.9007052779197693,Scrambled,-0.11533886194229126
103,1356.jpg,U,unconscious_aware,420,Extra,Whole,Extra,,Scrambled,1.0301780700683594
117,1356.jpg,U,unconscious_aware,421,Extra,Whole,Extra,,Scrambled,1.3008166551589966
119,1356.jpg,U,unconscious_aware,345,Extra,Whole,Extra,2.9937477111816406,Scrambled,0.782071590423584
101,1356.jpg,U,unconscious_unaware,18,Exp_First,Whole,Experiment,4.442447662353516,Scrambled,0.8329597115516663
102,1356.jpg,U,unconscious_unaware,111,Exp_Second,Whole,Experiment,1.865103006362915,Scrambled,6.885871887207031
105,1356.jpg,U,unconscious_unaware,113,Exp_Second,Whole,Experiment,6.2888593673706055,Scrambled,1.6074265241622925
114,1356.jpg,U,unconscious_unaware,46,Exp_First,Whole,Experiment,,Scrambled,4.078185558319092
102,1366.jpg,C,conscious_aware,20,Exp_First,Whole,Experiment,,Scrambled,0.7403056025505066
107,1366.jpg,C,conscious_aware,11,Exp_First,Whole,Experiment,,Scrambled,-0.12342367321252823
108,1366.jpg,C,conscious_aware,73,Exp_Second,Whole,Experiment,,Scrambled,-0.12342367321252823
115,1366.jpg,C,conscious_aware,114,Exp_Second,Whole,Experiment,8.841263771057129,Scrambled,-0.10163135826587677
117,1366.jpg,C,conscious_aware,113,Exp_Second,Whole,Experiment,8.861213684082031,Scrambled,3.110748529434204
119,1366.jpg,C,conscious_aware,104,Exp_Second,Whole,Experiment,0.03491698578000069,Scrambled,-0.12342367321252823
103,1366.jpg,U,unconscious_aware,350,Extra,Whole,Extra,,Scrambled,4.7383294105529785
117,1366.jpg,U,unconscious_aware,342,Extra,Whole,Extra,,Scrambled,3.579272747039795
101,1366.jpg,U,unconscious_unaware,341,Extra,Whole,Extra,,Scrambled,3.3355283737182617
114,1366.jpg,U,unconscious_unaware,6,Exp_First,Whole,Experiment,,Scrambled,-0.2262185513973236
116,1366.jpg,U,unconscious_unaware,39,Exp_First,Whole,Experiment,-0.16548247635364532,Scrambled,-0.24312534928321838
115,1377.jpg,C,conscious_aware,109,Exp_Second,Whole,Experiment,,Scrambled,3.239576578140259
116,1377.jpg,C,conscious_aware,78,Exp_Second,Whole,Experiment,-0.11990348249673843,Scrambled,-0.18879373371601105
119,1377.jpg,C,conscious_aware,76,Exp_Second,Whole,Experiment,5.46937894821167,Scrambled,-0.19501449167728424
102,1377.jpg,U,unconscious_unaware,114,Exp_Second,Whole,Experiment,-0.11533886939287186,Scrambled,5.002830505371094
102,1377.jpg,U,unconscious_unaware,379,Extra,Whole,Extra,-0.11533886939287186,Scrambled,3.4718048572540283
105,1377.jpg,U,unconscious_unaware,6,Exp_First,Whole,Experiment,,Scrambled,0.895873486995697
116,1377.jpg,U,unconscious_unaware,403,Extra,Whole,Extra,-0.15257051587104797,Scrambled,-0.23383669555187225
101,1379.jpg,C,conscious_aware,81,Exp_Second,Whole,Experiment,4.220007419586182,Scrambled,-0.19881907105445862
102,1379.jpg,C,conscious_aware,10,Exp_First,Whole,Experiment,7.974679946899414,Scrambled,0.9358081817626953
115,1379.jpg,C,conscious_aware,76,Exp_Second,Whole,Experiment,5.131106376647949,Scrambled,1.7360858917236328
116,1379.jpg,C,conscious_aware,45,Exp_First,Whole,Experiment,4.769228458404541,Scrambled,-0.19881907105445862
117,1379.jpg,C,conscious_aware,57,Exp_First,Whole,Experiment,,Scrambled,0.09418272972106934
103,1379.jpg,U,unconscious_aware,342,Extra,Whole,Extra,3.41947340965271,Scrambled,4.617302894592285
108,1379.jpg,U,unconscious_aware,376,Extra,Whole,Extra,7.502924919128418,Scrambled,3.8108344078063965
117,1379.jpg,U,unconscious_aware,422,Extra,Whole,Extra,,Scrambled,0.06460446864366531
102,1379.jpg,U,unconscious_unaware,389,Extra,Whole,Extra,8.53062915802002,Scrambled,6.543116092681885
105,1379.jpg,U,unconscious_unaware,103,Exp_Second,Whole,Experiment,8.851125717163086,Scrambled,4.6249680519104
108,1379.jpg,U,unconscious_unaware,86,Exp_Second,Whole,Experiment,6.8467230796813965,Scrambled,1.8493496179580688
113,1379.jpg,U,unconscious_unaware,77,Exp_Second,Whole,Experiment,9.581879615783691,Scrambled,4.940145015716553
115,1379.jpg,U,unconscious_unaware,369,Extra,Whole,Extra,6.1863179206848145,Scrambled,2.6276512145996094
102,1380.jpg,C,conscious_aware,2,Exp_First,Whole,Experiment,,Scrambled,0.9936938285827637
116,1380.jpg,C,conscious_aware,80,Exp_Second,Whole,Experiment,-0.11533886939287186,Scrambled,2.84163761138916
119,1380.jpg,C,conscious_aware,55,Exp_First,Whole,Experiment,-0.11533886939287186,Scrambled,-0.23764286935329437
105,1380.jpg,U,unconscious_unaware,321,Extra,Whole,Extra,,Scrambled,-0.2145501673221588
113,1380.jpg,U,unconscious_unaware,9,Exp_First,Whole,Experiment,5.956445217132568,Scrambled,4.765162944793701
115,1380.jpg,U,unconscious_unaware,81,Exp_Second,Whole,Experiment,3.1154298782348633,Scrambled,3.5615737438201904
117,1380.jpg,U,unconscious_unaware,110,Exp_Second,Whole,Experiment,,Scrambled,1.9888579845428467
102,1386.jpg,C,conscious_aware,40,Exp_First,Whole,Experiment,2.048840045928955,Scrambled,0.03017093986272812
108,1386.jpg,C,conscious_aware,89,Exp_Second,Whole,Experiment,1.3219027519226074,Scrambled,2.7016384601593018
115,1386.jpg,C,conscious_aware,40,Exp_First,Whole,Experiment,1.5837221145629883,Scrambled,0.13587631285190582
116,1386.jpg,C,conscious_aware,122,Exp_Second,Whole,Experiment,0.5151383876800537,Scrambled,-0.13448898494243622
101,1386.jpg,U,unconscious_unaware,102,Exp_Second,Whole,Experiment,3.2219576835632324,Scrambled,0.2814893424510956
101,1386.jpg,U,unconscious_unaware,414,Extra,Whole,Extra,4.15610408782959,Scrambled,3.3022420406341553
114,1386.jpg,U,unconscious_unaware,305,Extra,Whole,Extra,,Scrambled,3.9906039237976074
117,1386.jpg,U,unconscious_unaware,23,Exp_First,Whole,Experiment,,Scrambled,2.533517837524414
105,1389.jpg,U,unconscious_unaware,346,Extra,Whole,Extra,3.980567216873169,Scrambled,3.42954683303833
113,1389.jpg,U,unconscious_unaware,450,Extra,Whole,Extra,3.2500736713409424,Scrambled,2.031136989593506
116,1389.jpg,U,unconscious_unaware,347,Extra,Whole,Extra,3.309861660003662,Scrambled,1.8644709587097168
102,1390.jpg,C,conscious_aware,60,Exp_First,Whole,Experiment,3.8595240116119385,Scrambled,-0.12042192369699478
111,1390.jpg,C,conscious_aware,112,Exp_Second,Whole,Experiment,3.9225432872772217,Scrambled,-0.17598415911197662
113,1390.jpg,C,conscious_aware,107,Exp_Second,Whole,Experiment,1.3835324048995972,Scrambled,-0.15930870175361633
115,1390.jpg,C,conscious_aware,95,Exp_Second,Whole,Experiment,1.6975162029266357,Scrambled,1.2670552730560303
117,1390.jpg,C,conscious_aware,79,Exp_First,Whole,Experiment,1.7605814933776855,Scrambled,-0.17598415911197662
103,1390.jpg,U,unconscious_aware,432,Extra,Whole,Extra,,Scrambled,-0.11280474811792374
108,1390.jpg,U,unconscious_aware,99,Exp_Second,Whole,Experiment,4.416685104370117,Scrambled,3.1501517295837402
119,1390.jpg,U,unconscious_aware,424,Extra,Whole,Extra,5.85194730758667,Scrambled,-0.15970265865325928
101,1390.jpg,U,unconscious_unaware,359,Extra,Whole,Extra,2.6205461025238037,Scrambled,2.656986951828003
115,1390.jpg,U,unconscious_unaware,398,Extra,Whole,Extra,3.714822769165039,Scrambled,3.5441813468933105
116,1390.jpg,U,unconscious_unaware,428,Extra,Whole,Extra,3.5753731727600098,Scrambled,5.539682388305664
116,1390.jpg,U,unconscious_unaware,90,Exp_Second,Whole,Experiment,6.769031524658203,Scrambled,-0.15582628548145294
101,1395.jpg,C,conscious_aware,50,Exp_First,Whole,Experiment,4.0674614906311035,Scrambled,7.449010372161865
102,1395.jpg,C,conscious_aware,100,Exp_Second,Whole,Experiment,6.608754634857178,Scrambled,1.2450462579727173
103,1395.jpg,C,conscious_aware,51,Exp_First,Whole,Experiment,5.5117573738098145,Scrambled,5.5593767166137695
107,1395.jpg,C,conscious_aware,116,Exp_Second,Whole,Experiment,4.250566482543945,Scrambled,-0.14281386137008667
108,1395.jpg,C,conscious_aware,69,Exp_Second,Whole,Experiment,5.384596824645996,Scrambled,4.147002696990967
111,1395.jpg,C,conscious_aware,17,Exp_First,Whole,Experiment,5.780572891235352,Scrambled,5.271080017089844
116,1395.jpg,C,conscious_aware,109,Exp_Second,Whole,Experiment,6.151594638824463,Scrambled,1.6069433689117432
103,1395.jpg,U,unconscious_aware,318,Extra,Whole,Extra,4.438072204589844,Scrambled,0.933456540107727
108,1395.jpg,U,unconscious_aware,383,Extra,Whole,Extra,2.7198524475097656,Scrambled,0.8655299544334412
117,1395.jpg,U,unconscious_aware,418,Extra,Whole,Extra,6.070730686187744,Scrambled,2.6248490810394287
105,1395.jpg,U,unconscious_unaware,315,Extra,Whole,Extra,1.9455983638763428,Scrambled,4.1240973472595215
105,1395.jpg,U,unconscious_unaware,78,Exp_Second,Whole,Experiment,3.439286231994629,Scrambled,3.353299379348755
113,1395.jpg,U,unconscious_unaware,53,Exp_First,Whole,Experiment,2.534937858581543,Scrambled,1.0734800100326538
114,1395.jpg,U,unconscious_unaware,14,Exp_First,Whole,Experiment,,Scrambled,0.31614217162132263
115,1395.jpg,U,unconscious_unaware,1,Exp_First,Whole,Experiment,3.1917638778686523,Scrambled,1.4012513160705566
115,1395.jpg,U,unconscious_unaware,449,Extra,Whole,Extra,2.3178865909576416,Scrambled,0.2654998004436493
107,1396.jpg,C,conscious_aware,85,Exp_Second,Whole,Experiment,2.9943408966064453,Scrambled,-0.24657662212848663
111,1396.jpg,C,conscious_aware,50,Exp_First,Whole,Experiment,1.491357445716858,Scrambled,-0.04570892080664635
117,1396.jpg,C,conscious_aware,114,Exp_Second,Whole,Experiment,1.3024485111236572,Scrambled,0.786013662815094
108,1396.jpg,U,unconscious_aware,379,Extra,Whole,Extra,0.8559520840644836,Scrambled,-0.15127313137054443
108,1396.jpg,U,unconscious_aware,80,Exp_Second,Whole,Experiment,3.4058175086975098,Scrambled,5.0033135414123535
117,1396.jpg,U,unconscious_aware,359,Extra,Whole,Extra,0.7908542156219482,Scrambled,4.800797462463379
113,1396.jpg,U,unconscious_unaware,51,Exp_First,Whole,Experiment,3.496769905090332,Scrambled,8.057378768920898
115,1396.jpg,U,unconscious_unaware,319,Extra,Whole,Extra,2.126210927963257,Scrambled,0.4056287705898285
116,1396.jpg,U,unconscious_unaware,16,Exp_First,Whole,Experiment,0.9775411486625671,Scrambled,2.008784770965576
116,1396.jpg,U,unconscious_unaware,320,Extra,Whole,Extra,0.6457306742668152,Scrambled,0.9896730184555054
102,1398.jpg,C,conscious_aware,18,Exp_First,Whole,Experiment,5.8794145584106445,Scrambled,2.7485287189483643
105,1398.jpg,C,conscious_aware,52,Exp_First,Whole,Experiment,1.5091731548309326,Scrambled,2.062842845916748
108,1398.jpg,C,conscious_aware,53,Exp_First,Whole,Experiment,,Scrambled,4.478955268859863
114,1398.jpg,C,conscious_aware,104,Exp_Second,Whole,Experiment,,Scrambled,-0.15711477398872375
115,1398.jpg,C,conscious_aware,12,Exp_First,Whole,Experiment,1.0341839790344238,Scrambled,0.42909717559814453
116,1398.jpg,C,conscious_aware,67,Exp_Second,Whole,Experiment,3.762165069580078,Scrambled,3.644531726837158
119,1398.jpg,C,conscious_aware,71,Exp_Second,Whole,Experiment,,Scrambled,0.7367150783538818
103,1398.jpg,U,unconscious_aware,121,Exp_Second,Whole,Experiment,2.545452833175659,Scrambled,7.928545951843262
103,1398.jpg,U,unconscious_aware,310,Extra,Whole,Extra,2.5035712718963623,Scrambled,0.11822029948234558
101,1398.jpg,U,unconscious_unaware,108,Exp_Second,Whole,Experiment,3.937976121902466,Scrambled,0.9116179943084717
102,1398.jpg,U,unconscious_unaware,353,Extra,Whole,Extra,2.2795348167419434,Scrambled,1.1315118074417114
117,1398.jpg,U,unconscious_unaware,37,Exp_First,Whole,Experiment,4.2034502029418945,Scrambled,10.457953453063965
107,1428.jpg,C,conscious_aware,104,Exp_Second,Whole,Experiment,0.9324315190315247,Scrambled,0.4177688658237457
111,1428.jpg,C,conscious_aware,10,Exp_First,Whole,Experiment,3.0486865043640137,Scrambled,0.9814395308494568
116,1428.jpg,C,conscious_aware,70,Exp_Second,Whole,Experiment,0.8109043836593628,Scrambled,0.28344154357910156
117,1428.jpg,U,unconscious_aware,103,Exp_Second,Whole,Experiment,1.591056227684021,Scrambled,-0.10695300251245499
117,1428.jpg,U,unconscious_aware,414,Extra,Whole,Extra,-0.21931537985801697,Scrambled,5.258492946624756
119,1428.jpg,U,unconscious_aware,104,Exp_Second,Whole,Experiment,,Scrambled,0.02841274067759514
119,1428.jpg,U,unconscious_aware,335,Extra,Whole,Extra,,Scrambled,1.775254487991333
102,1428.jpg,U,unconscious_unaware,77,Exp_Second,Whole,Experiment,3.19783616065979,Scrambled,2.4534752368927
103,1428.jpg,U,unconscious_unaware,2,Exp_First,Whole,Experiment,3.848634719848633,Scrambled,0.14009110629558563
113,1428.jpg,U,unconscious_unaware,339,Extra,Whole,Extra,4.376378059387207,Scrambled,1.4690738916397095
115,1428.jpg,U,unconscious_unaware,71,Exp_First,Whole,Experiment,3.383989095687866,Scrambled,1.4298620223999023
107,1430.jpg,C,conscious_aware,55,Exp_First,Whole,Experiment,1.185600996017456,Scrambled,-0.13677336275577545
108,1430.jpg,C,conscious_aware,35,Exp_First,Whole,Experiment,2.8747408390045166,Scrambled,-0.13505038619041443
115,1430.jpg,C,conscious_aware,48,Exp_First,Whole,Experiment,0.7244510650634766,Scrambled,-0.13677336275577545
117,1430.jpg,C,conscious_aware,100,Exp_Second,Whole,Experiment,0.7778467535972595,Scrambled,0.5751714110374451
102,1430.jpg,U,unconscious_unaware,304,Extra,Whole,Extra,3.403216600418091,Scrambled,1.0685700178146362
102,1430.jpg,U,unconscious_unaware,35,Exp_First,Whole,Experiment,1.7775102853775024,Scrambled,3.8048818111419678
105,1430.jpg,U,unconscious_unaware,108,Exp_Second,Whole,Experiment,5.037853240966797,Scrambled,0.10819383710622787
113,1430.jpg,U,unconscious_unaware,116,Exp_Second,Whole,Experiment,4.345481872558594,Scrambled,3.408947706222534
115,1430.jpg,U,unconscious_unaware,442,Extra,Whole,Extra,4.204911231994629,Scrambled,0.8734378814697266
116,1430.jpg,U,unconscious_unaware,9,Exp_First,Whole,Experiment,5.073485374450684,Scrambled,1.025282859802246
107,1432.jpg,C,conscious_aware,109,Exp_Second,Whole,Experiment,3.858919143676758,Scrambled,1.4954009056091309
111,1432.jpg,C,conscious_aware,80,Exp_Second,Whole,Experiment,0.598349928855896,Scrambled,3.3337340354919434
116,1432.jpg,C,conscious_aware,10,Exp_First,Whole,Experiment,2.389737367630005,Scrambled,-0.1922125369310379
117,1432.jpg,C,conscious_aware,67,Exp_First,Whole,Experiment,-0.1779332458972931,Scrambled,0.041518066078424454
119,1432.jpg,C,conscious_aware,50,Exp_First,Whole,Experiment,,Scrambled,-0.1922125518321991
101,1432.jpg,U,unconscious_unaware,349,Extra,Whole,Extra,,Scrambled,4.757513999938965
102,1432.jpg,U,unconscious_unaware,12,Exp_First,Whole,Experiment,7.995089530944824,Scrambled,0.05139860883355141
103,1432.jpg,U,unconscious_unaware,19,Exp_First,Whole,Experiment,7.373325347900391,Scrambled,0.3649482727050781
105,1432.jpg,U,unconscious_unaware,49,Exp_First,Whole,Experiment,8.032504081726074,Scrambled,1.226515293121338
113,1432.jpg,U,unconscious_unaware,109,Exp_Second,Whole,Experiment,6.987570762634277,Scrambled,0.5396038293838501
114,1432.jpg,U,unconscious_unaware,108,Exp_Second,Whole,Experiment,,Scrambled,4.134599685668945
115,1432.jpg,U,unconscious_unaware,83,Exp_Second,Whole,Experiment,1.5330982208251953,Scrambled,0.5233697891235352
102,1441.jpg,C,conscious_aware,72,Exp_Second,Whole,Experiment,2.834109306335449,Scrambled,0.9729812145233154
107,1441.jpg,C,conscious_aware,103,Exp_Second,Whole,Experiment,4.114316940307617,Scrambled,-0.0619872510433197
108,1441.jpg,C,conscious_aware,41,Exp_First,Whole,Experiment,2.790590524673462,Scrambled,-0.11533886194229126
111,1441.jpg,C,conscious_aware,41,Exp_First,Whole,Experiment,2.288708209991455,Scrambled,-0.11533886194229126
116,1441.jpg,C,conscious_aware,71,Exp_Second,Whole,Experiment,1.5315706729888916,Scrambled,2.047640800476074
101,1441.jpg,U,unconscious_unaware,9,Exp_First,Whole,Experiment,3.7177352905273438,Scrambled,-0.15419705212116241
102,1441.jpg,U,unconscious_unaware,308,Extra,Whole,Extra,3.360837936401367,Scrambled,5.0783305168151855
103,1441.jpg,U,unconscious_unaware,21,Exp_First,Whole,Experiment,3.2705869674682617,Scrambled,7.698433876037598
105,1441.jpg,U,unconscious_unaware,71,Exp_Second,Whole,Experiment,5.288801670074463,Scrambled,-0.16008614003658295
114,1441.jpg,U,unconscious_unaware,43,Exp_First,Whole,Experiment,6.71587610244751,Scrambled,9.433298110961914
115,1441.jpg,U,unconscious_unaware,104,Exp_Second,Whole,Experiment,3.7363572120666504,Scrambled,0.4613426923751831
102,1444.jpg,C,conscious_aware,106,Exp_Second,Whole,Experiment,4.90617561340332,Scrambled,2.038210153579712
108,1444.jpg,C,conscious_aware,49,Exp_First,Whole,Experiment,3.7056853771209717,Scrambled,0.8708176612854004
111,1444.jpg,C,conscious_aware,116,Exp_Second,Whole,Experiment,3.966223955154419,Scrambled,0.5817434787750244
117,1444.jpg,C,conscious_aware,106,Exp_Second,Whole,Experiment,4.280670166015625,Scrambled,-0.182468444108963
103,1444.jpg,U,unconscious_aware,307,Extra,Whole,Extra,,Scrambled,
108,1444.jpg,U,unconscious_aware,446,Extra,Whole,Extra,6.46999454498291,Scrambled,
117,1444.jpg,U,unconscious_aware,375,Extra,Whole,Extra,,Scrambled,
101,1444.jpg,U,unconscious_unaware,407,Extra,Whole,Extra,3.698432683944702,Scrambled,
103,1444.jpg,U,unconscious_unaware,7,Exp_First,Whole,Experiment,3.784299612045288,Scrambled,
105,1444.jpg,U,unconscious_unaware,392,Extra,Whole,Extra,2.433988094329834,Scrambled,
113,1444.jpg,U,unconscious_unaware,302,Extra,Whole,Extra,6.2281646728515625,Scrambled,
113,1444.jpg,U,unconscious_unaware,73,Exp_Second,Whole,Experiment,5.193395137786865,Scrambled,
114,1444.jpg,U,unconscious_unaware,380,Extra,Whole,Extra,,Scrambled,
114,1444.jpg,U,unconscious_unaware,45,Exp_First,Whole,Experiment,1.650150179862976,Scrambled,
115,1444.jpg,U,unconscious_unaware,379,Extra,Whole,Extra,4.744442462921143,Scrambled,
115,1444.jpg,U,unconscious_unaware,74,Exp_Second,Whole,Experiment,5.94719123840332,Scrambled,
116,1444.jpg,U,unconscious_unaware,111,Exp_Second,Whole,Experiment,5.445064067840576,Scrambled,
116,1444.jpg,U,unconscious_unaware,380,Extra,Whole,Extra,2.7426278591156006,Scrambled,
119,1444.jpg,U,unconscious_unaware,82,Exp_First,Whole,Experiment,,Scrambled,
103,1446.jpg,C,conscious_aware,87,Exp_Second,Whole,Experiment,1.398462176322937,Scrambled,2.4588770866394043
107,1446.jpg,C,conscious_aware,84,Exp_Second,Whole,Experiment,2.715573787689209,Scrambled,1.940316081047058
108,1446.jpg,C,conscious_aware,39,Exp_First,Whole,Experiment,1.3950666189193726,Scrambled,7.481242656707764
101,1446.jpg,U,unconscious_aware,451,Extra,Whole,Extra,1.540130853652954,Scrambled,-0.10619182884693146
116,1446.jpg,U,unconscious_aware,49,Exp_First,Whole,Experiment,2.410515546798706,Scrambled,0.26343217492103577
105,1446.jpg,U,unconscious_unaware,319,Extra,Whole,Extra,3.595921516418457,Scrambled,-0.14502134919166565
105,1446.jpg,U,unconscious_unaware,40,Exp_First,Whole,Experiment,3.063100576400757,Scrambled,0.6600362658500671
102,1449.jpg,C,conscious_aware,103,Exp_Second,Whole,Experiment,2.161271095275879,Scrambled,0.2978510856628418
103,1449.jpg,C,conscious_aware,106,Exp_Second,Whole,Experiment,0.48881909251213074,Scrambled,2.2336742877960205
107,1449.jpg,C,conscious_aware,6,Exp_First,Whole,Experiment,0.9780706763267517,Scrambled,10.164255142211914
115,1449.jpg,C,conscious_aware,75,Exp_Second,Whole,Experiment,3.781564474105835,Scrambled,1.532098412513733
116,1449.jpg,C,conscious_aware,35,Exp_First,Whole,Experiment,3.950446605682373,Scrambled,4.4031901359558105
103,1449.jpg,U,unconscious_aware,345,Extra,Whole,Extra,,Scrambled,0.667888879776001
108,1449.jpg,U,unconscious_aware,71,Exp_First,Whole,Experiment,1.6263004541397095,Scrambled,0.8753000497817993
117,1449.jpg,U,unconscious_aware,308,Extra,Whole,Extra,0.48117220401763916,Scrambled,3.8528966903686523
102,1449.jpg,U,unconscious_unaware,372,Extra,Whole,Extra,0.16857817769050598,Scrambled,5.403985500335693
116,1449.jpg,U,unconscious_unaware,344,Extra,Whole,Extra,2.743061065673828,Scrambled,1.2523515224456787
117,1449.jpg,U,unconscious_unaware,49,Exp_First,Whole,Experiment,0.3052313029766083,Scrambled,1.1263463497161865
107,1456.jpg,C,conscious_aware,8,Exp_First,Whole,Experiment,,Scrambled,-0.2128344029188156
108,1456.jpg,C,conscious_aware,74,Exp_Second,Whole,Experiment,3.162156581878662,Scrambled,0.09146016836166382
111,1456.jpg,C,conscious_aware,4,Exp_First,Whole,Experiment,0.2701819837093353,Scrambled,1.3933093547821045
115,1456.jpg,C,conscious_aware,73,Exp_Second,Whole,Experiment,2.022113561630249,Scrambled,2.8959848880767822
119,1456.jpg,C,conscious_aware,70,Exp_First,Whole,Experiment,1.3637336492538452,Scrambled,0.32039934396743774
101,1456.jpg,U,unconscious_unaware,404,Extra,Whole,Extra,1.3590290546417236,Scrambled,0.540656328201294
105,1456.jpg,U,unconscious_unaware,43,Exp_First,Whole,Experiment,-0.1688528060913086,Scrambled,-0.14982068538665771
117,1456.jpg,U,unconscious_unaware,1,Exp_First,Whole,Experiment,,Scrambled,5.547885894775391
102,1458.jpg,C,conscious_aware,71,Exp_Second,Whole,Experiment,2.538954257965088,Scrambled,2.353259325027466
103,1458.jpg,C,conscious_aware,70,Exp_First,Whole,Experiment,2.1287648677825928,Scrambled,1.3993991613388062
108,1458.jpg,C,conscious_aware,36,Exp_First,Whole,Experiment,2.638307809829712,Scrambled,1.095467448234558
113,1458.jpg,C,conscious_aware,102,Exp_Second,Whole,Experiment,1.5910724401474,Scrambled,1.3835240602493286
115,1458.jpg,C,conscious_aware,35,Exp_First,Whole,Experiment,3.0525941848754883,Scrambled,-0.03854496777057648
105,1458.jpg,U,unconscious_unaware,3,Exp_First,Whole,Experiment,0.28887632489204407,Scrambled,0.9489167332649231
116,1458.jpg,U,unconscious_unaware,110,Exp_Second,Whole,Experiment,1.7216697931289673,Scrambled,0.6947104334831238
102,1461.jpg,C,conscious_aware,74,Exp_Second,Whole,Experiment,3.590364456176758,Scrambled,-0.0368557833135128
103,1461.jpg,C,conscious_aware,76,Exp_Second,Whole,Experiment,5.883678913116455,Scrambled,0.6265647411346436
105,1461.jpg,C,conscious_aware,114,Exp_Second,Whole,Experiment,3.1839003562927246,Scrambled,0.21887515485286713
108,1461.jpg,C,conscious_aware,47,Exp_First,Whole,Experiment,2.9895737171173096,Scrambled,0.40531426668167114
111,1461.jpg,C,conscious_aware,7,Exp_First,Whole,Experiment,3.9467878341674805,Scrambled,0.1227550357580185
115,1461.jpg,C,conscious_aware,80,Exp_Second,Whole,Experiment,4.642030715942383,Scrambled,-0.11718195676803589
116,1461.jpg,C,conscious_aware,48,Exp_First,Whole,Experiment,4.2582902908325195,Scrambled,0.2971998155117035
117,1461.jpg,C,conscious_aware,84,Exp_Second,Whole,Experiment,1.9666266441345215,Scrambled,2.189175844192505
103,1461.jpg,U,unconscious_aware,340,Extra,Whole,Extra,6.615212917327881,Scrambled,2.3502421379089355
117,1461.jpg,U,unconscious_aware,384,Extra,Whole,Extra,1.3021373748779297,Scrambled,2.93414568901062
119,1461.jpg,U,unconscious_aware,107,Exp_Second,Whole,Experiment,2.7239158153533936,Scrambled,8.473176956176758
101,1461.jpg,U,unconscious_unaware,75,Exp_Second,Whole,Experiment,3.4266088008880615,Scrambled,0.35141387581825256
105,1461.jpg,U,unconscious_unaware,401,Extra,Whole,Extra,4.866549491882324,Scrambled,3.5685553550720215
113,1461.jpg,U,unconscious_unaware,56,Exp_First,Whole,Experiment,0.5892106890678406,Scrambled,0.3605633080005646
115,1461.jpg,U,unconscious_unaware,339,Extra,Whole,Extra,1.9530589580535889,Scrambled,-0.09608420729637146
102,1475.jpg,C,conscious_aware,57,Exp_First,Whole,Experiment,6.032630443572998,Scrambled,0.1818775087594986
116,1475.jpg,C,conscious_aware,23,Exp_First,Whole,Experiment,-0.12519879639148712,Scrambled,1.0004044771194458
117,1475.jpg,C,conscious_aware,76,Exp_First,Whole,Experiment,4.813197612762451,Scrambled,1.322072982788086
119,1475.jpg,C,conscious_aware,125,Exp_Second,Whole,Experiment,,Scrambled,3.28706431388855
108,1475.jpg,U,unconscious_aware,326,Extra,Whole,Extra,10.366331100463867,Scrambled,2.0364925861358643
117,1475.jpg,U,unconscious_aware,314,Extra,Whole,Extra,,Scrambled,3.5950636863708496
105,1475.jpg,U,unconscious_unaware,403,Extra,Whole,Extra,1.0943859815597534,Scrambled,-0.030877815559506416
113,1475.jpg,U,unconscious_unaware,118,Exp_Second,Whole,Experiment,7.734901428222656,Scrambled,5.427549839019775
113,1475.jpg,U,unconscious_unaware,404,Extra,Whole,Extra,6.81410026550293,Scrambled,6.767391204833984
114,1475.jpg,U,unconscious_unaware,13,Exp_First,Whole,Experiment,9.907258987426758,Scrambled,5.425690650939941
115,1475.jpg,U,unconscious_unaware,4,Exp_First,Whole,Experiment,4.215816974639893,Scrambled,3.8383595943450928
103,1479.jpg,C,conscious_aware,65,Exp_First,Whole,Experiment,-0.197403684258461,Scrambled,1.5737296342849731
105,1479.jpg,C,conscious_aware,62,Exp_First,Whole,Experiment,,Scrambled,0.7963213324546814
117,1479.jpg,C,conscious_aware,97,Exp_Second,Whole,Experiment,-0.1974036544561386,Scrambled,1.5497188568115234
119,1479.jpg,C,conscious_aware,66,Exp_First,Whole,Experiment,-0.19697819650173187,Scrambled,-0.14990337193012238
108,1479.jpg,U,unconscious_aware,366,Extra,Whole,Extra,,Scrambled,-0.2121284306049347
119,1479.jpg,U,unconscious_aware,365,Extra,Whole,Extra,,Scrambled,0.9449830651283264
101,1479.jpg,U,unconscious_unaware,366,Extra,Whole,Extra,-0.16269195079803467,Scrambled,1.203032374382019
115,1479.jpg,U,unconscious_unaware,29,Exp_First,Whole,Experiment,3.743933916091919,Scrambled,5.491969108581543
117,1499.jpg,U,unconscious_aware,368,Extra,Whole,Extra,-0.2288491278886795,Scrambled,0.17039495706558228
119,1499.jpg,U,unconscious_aware,403,Extra,Whole,Extra,2.2054033279418945,Scrambled,-0.1418866068124771
102,1499.jpg,U,unconscious_unaware,378,Extra,Whole,Extra,1.1325039863586426,Scrambled,0.9602913856506348
116,1499.jpg,U,unconscious_unaware,381,Extra,Whole,Extra,0.3893801271915436,Scrambled,1.2022480964660645
102,1506.jpg,C,conscious_aware,110,Exp_Second,Whole,Experiment,6.423364162445068,Scrambled,2.562201738357544
103,1506.jpg,C,conscious_aware,89,Exp_Second,Whole,Experiment,,Scrambled,1.032644510269165
107,1506.jpg,C,conscious_aware,82,Exp_Second,Whole,Experiment,1.6148442029953003,Scrambled,-0.1634339690208435
111,1506.jpg,C,conscious_aware,69,Exp_Second,Whole,Experiment,1.4330233335494995,Scrambled,0.3055793344974518
113,1506.jpg,C,conscious_aware,43,Exp_First,Whole,Experiment,4.350744247436523,Scrambled,-0.1634339690208435
101,1506.jpg,U,unconscious_unaware,117,Exp_Second,Whole,Experiment,4.285857677459717,Scrambled,2.468770980834961
114,1506.jpg,U,unconscious_unaware,72,Exp_Second,Whole,Experiment,,Scrambled,-0.0025396652054041624
115,1506.jpg,U,unconscious_unaware,91,Exp_Second,Whole,Experiment,1.416072964668274,Scrambled,2.779552936553955
105,1517.jpg,C,conscious_aware,40,Exp_First,Whole,Experiment,1.0620543956756592,Scrambled,-0.11533886194229126
108,1517.jpg,C,conscious_aware,55,Exp_First,Whole,Experiment,6.269069671630859,Scrambled,8.32540512084961
115,1517.jpg,C,conscious_aware,18,Exp_First,Whole,Experiment,3.0671286582946777,Scrambled,-0.11533883959054947
103,1517.jpg,U,unconscious_aware,112,Exp_Second,Whole,Experiment,11.679497718811035,Scrambled,1.505642056465149
117,1517.jpg,U,unconscious_aware,303,Extra,Whole,Extra,,Scrambled,-0.01650276593863964
119,1517.jpg,U,unconscious_aware,413,Extra,Whole,Extra,12.101491928100586,Scrambled,-0.13813889026641846
102,1517.jpg,U,unconscious_unaware,348,Extra,Whole,Extra,3.1531286239624023,Scrambled,3.5353281497955322
102,1517.jpg,U,unconscious_unaware,4,Exp_First,Whole,Experiment,,Scrambled,7.200704574584961
105,1517.jpg,U,unconscious_unaware,353,Extra,Whole,Extra,,Scrambled,-0.13813889026641846
115,1517.jpg,U,unconscious_unaware,352,Extra,Whole,Extra,10.463193893432617,Scrambled,4.66844367980957
116,1517.jpg,U,unconscious_unaware,87,Exp_Second,Whole,Experiment,-0.13372871279716492,Scrambled,-0.13813889026641846
105,1528.jpg,C,conscious_aware,107,Exp_Second,Whole,Experiment,1.4000821113586426,Scrambled,6.509829521179199
107,1528.jpg,C,conscious_aware,2,Exp_First,Whole,Experiment,4.100369453430176,Scrambled,0.03310343623161316
108,1528.jpg,C,conscious_aware,110,Exp_Second,Whole,Experiment,0.25667402148246765,Scrambled,-0.15411502122879028
115,1528.jpg,C,conscious_aware,41,Exp_First,Whole,Experiment,0.9296472072601318,Scrambled,1.008568286895752
103,1528.jpg,U,unconscious_aware,337,Extra,Whole,Extra,,Scrambled,0.7850090265274048
103,1528.jpg,U,unconscious_aware,71,Exp_First,Whole,Experiment,0.9584676623344421,Scrambled,0.2616908550262451
102,1528.jpg,U,unconscious_unaware,74,Exp_Second,Whole,Experiment,2.766533851623535,Scrambled,4.143448352813721
113,1528.jpg,U,unconscious_unaware,311,Extra,Whole,Extra,3.998866319656372,Scrambled,3.319728136062622
115,1528.jpg,U,unconscious_unaware,312,Extra,Whole,Extra,0.9583114981651306,Scrambled,0.4361104667186737
116,1528.jpg,U,unconscious_unaware,105,Exp_Second,Whole,Experiment,3.7743489742279053,Scrambled,-0.12859077751636505
116,1528.jpg,U,unconscious_unaware,374,Extra,Whole,Extra,2.403834104537964,Scrambled,0.6248332262039185
117,1528.jpg,U,unconscious_unaware,5,Exp_First,Whole,Experiment,1.7591521739959717,Scrambled,1.2803902626037598
101,1530.jpg,C,conscious_aware,65,Exp_Second,Whole,Experiment,1.4667311906814575,Scrambled,3.3319571018218994
102,1530.jpg,C,conscious_aware,46,Exp_First,Whole,Experiment,2.776183605194092,Scrambled,0.4864928126335144
103,1530.jpg,C,conscious_aware,30,Exp_First,Whole,Experiment,2.4758658409118652,Scrambled,-0.016988355666399002
107,1530.jpg,C,conscious_aware,54,Exp_First,Whole,Experiment,3.6579742431640625,Scrambled,0.8300609588623047
108,1530.jpg,C,conscious_aware,44,Exp_First,Whole,Experiment,2.703930377960205,Scrambled,0.505498468875885
111,1530.jpg,C,conscious_aware,93,Exp_Second,Whole,Experiment,2.8364856243133545,Scrambled,0.7415446639060974
116,1530.jpg,C,conscious_aware,1,Exp_First,Whole,Experiment,3.2948246002197266,Scrambled,0.1810653954744339
105,1530.jpg,U,unconscious_unaware,19,Exp_First,Whole,Experiment,2.605952739715576,Scrambled,1.7166979312896729
114,1530.jpg,U,unconscious_unaware,61,Exp_Second,Whole,Experiment,,Scrambled,-0.09385380893945694
115,1530.jpg,U,unconscious_unaware,130,Exp_Second,Whole,Experiment,2.540987491607666,Scrambled,2.5995001792907715
117,1530.jpg,U,unconscious_unaware,326,Extra,Whole,Extra,1.8035670518875122,Scrambled,-0.22876057028770447
103,1536.jpg,C,conscious_aware,121,Exp_Second,Whole,Experiment,,Scrambled,-0.1923002153635025
115,1536.jpg,C,conscious_aware,85,Exp_Second,Whole,Experiment,-0.11331631988286972,Scrambled,2.0297763347625732
102,1536.jpg,U,unconscious_unaware,13,Exp_First,Whole,Experiment,2.1418633460998535,Scrambled,0.020588010549545288
102,1536.jpg,U,unconscious_unaware,384,Extra,Whole,Extra,,Scrambled,5.557699203491211
113,1536.jpg,U,unconscious_unaware,350,Extra,Whole,Extra,-0.22537633776664734,Scrambled,3.3921759128570557
113,1536.jpg,U,unconscious_unaware,89,Exp_Second,Whole,Experiment,0.8668627738952637,Scrambled,4.751235485076904
119,1536.jpg,U,unconscious_unaware,45,Exp_First,Whole,Experiment,,Scrambled,1.5806103944778442
103,1538.jpg,U,unconscious_aware,309,Extra,Whole,Extra,,Scrambled,-0.11533886194229126
108,1538.jpg,U,unconscious_aware,325,Extra,Whole,Extra,9.352811813354492,Scrambled,8.44599723815918
102,1552.jpg,C,conscious_aware,8,Exp_First,Whole,Experiment,,Scrambled,0.022192183881998062
113,1552.jpg,C,conscious_aware,42,Exp_First,Whole,Experiment,0.09668295830488205,Scrambled,-0.20074282586574554
116,1552.jpg,C,conscious_aware,5,Exp_First,Whole,Experiment,0.17170889675617218,Scrambled,-0.20074282586574554
117,1552.jpg,U,unconscious_aware,307,Extra,Whole,Extra,,Scrambled,1.0409965515136719
119,1552.jpg,U,unconscious_aware,103,Exp_Second,Whole,Experiment,,Scrambled,1.039792537689209
119,1552.jpg,U,unconscious_aware,382,Extra,Whole,Extra,3.2795231342315674,Scrambled,0.8608008027076721
102,1552.jpg,U,unconscious_unaware,342,Extra,Whole,Extra,,Scrambled,6.277126789093018
105,1552.jpg,U,unconscious_unaware,390,Extra,Whole,Extra,3.1117770671844482,Scrambled,3.2000067234039307
113,1552.jpg,U,unconscious_unaware,347,Extra,Whole,Extra,-0.19096766412258148,Scrambled,0.5986223220825195
115,1552.jpg,U,unconscious_unaware,38,Exp_First,Whole,Experiment,3.048081398010254,Scrambled,1.6311378479003906
116,1552.jpg,U,unconscious_unaware,350,Extra,Whole,Extra,4.731184005737305,Scrambled,2.24377703666687
117,1552.jpg,U,unconscious_unaware,69,Exp_Second,Whole,Experiment,,Scrambled,7.741785049438477
101,1553.jpg,C,conscious_aware,49,Exp_First,Whole,Experiment,1.7844611406326294,Scrambled,0.011548763141036034
102,1553.jpg,C,conscious_aware,53,Exp_First,Whole,Experiment,8.606316566467285,Scrambled,-0.15284164249897003
107,1553.jpg,C,conscious_aware,57,Exp_First,Whole,Experiment,0.6994874477386475,Scrambled,-0.15334032475948334
115,1553.jpg,C,conscious_aware,130,Exp_Second,Whole,Experiment,3.155379295349121,Scrambled,1.2508803606033325
116,1553.jpg,C,conscious_aware,58,Exp_First,Whole,Experiment,0.794792652130127,Scrambled,0.47102871537208557
117,1553.jpg,C,conscious_aware,88,Exp_Second,Whole,Experiment,3.1900932788848877,Scrambled,-0.15334032475948334
103,1553.jpg,U,unconscious_aware,363,Extra,Whole,Extra,,Scrambled,-0.18205411732196808
108,1553.jpg,U,unconscious_aware,53,Exp_First,Whole,Experiment,6.933123588562012,Scrambled,-0.08612794429063797
105,1553.jpg,U,unconscious_unaware,29,Exp_First,Whole,Experiment,4.76792573928833,Scrambled,0.2752596139907837
113,1553.jpg,U,unconscious_unaware,106,Exp_Second,Whole,Experiment,2.244307279586792,Scrambled,4.151249408721924
116,1553.jpg,U,unconscious_unaware,343,Extra,Whole,Extra,0.9199683666229248,Scrambled,7.205714225769043
103,1559.jpg,C,conscious_aware,39,Exp_First,Whole,Experiment,6.379329204559326,Scrambled,2.990224838256836
105,1559.jpg,C,conscious_aware,11,Exp_First,Whole,Experiment,5.021864414215088,Scrambled,-0.2035740613937378
111,1559.jpg,C,conscious_aware,36,Exp_First,Whole,Experiment,6.853678226470947,Scrambled,-0.22004671394824982
116,1559.jpg,C,conscious_aware,74,Exp_Second,Whole,Experiment,6.73399543762207,Scrambled,-0.09134592115879059
119,1559.jpg,C,conscious_aware,101,Exp_Second,Whole,Experiment,,Scrambled,-0.22004671394824982
101,1559.jpg,U,unconscious_unaware,411,Extra,Whole,Extra,,Scrambled,0.16677571833133698
101,1559.jpg,U,unconscious_unaware,6,Exp_First,Whole,Experiment,-0.24567914009094238,Scrambled,-0.10087999701499939
102,1559.jpg,U,unconscious_unaware,105,Exp_Second,Whole,Experiment,-0.2201503962278366,Scrambled,-0.12363292276859283
102,1559.jpg,U,unconscious_unaware,374,Extra,Whole,Extra,,Scrambled,-0.2016524076461792
105,1559.jpg,U,unconscious_unaware,368,Extra,Whole,Extra,1.453059434890747,Scrambled,2.3317835330963135
115,1559.jpg,U,unconscious_unaware,103,Exp_Second,Whole,Experiment,0.10811921209096909,Scrambled,1.0508737564086914
117,1559.jpg,U,unconscious_unaware,46,Exp_First,Whole,Experiment,,Scrambled,2.065260410308838
103,1561.jpg,C,conscious_aware,4,Exp_First,Whole,Experiment,1.6548480987548828,Scrambled,1.7745602130889893
107,1561.jpg,C,conscious_aware,58,Exp_First,Whole,Experiment,5.769928932189941,Scrambled,-0.16762645542621613
108,1561.jpg,C,conscious_aware,4,Exp_First,Whole,Experiment,3.708104133605957,Scrambled,0.6104183197021484
117,1561.jpg,C,conscious_aware,81,Exp_First,Whole,Experiment,5.996795654296875,Scrambled,0.28681302070617676
102,1561.jpg,U,unconscious_unaware,355,Extra,Whole,Extra,2.290761709213257,Scrambled,2.8007211685180664
105,1561.jpg,U,unconscious_unaware,8,Exp_First,Whole,Experiment,4.515152454376221,Scrambled,-0.19663549959659576
115,1561.jpg,U,unconscious_unaware,12,Exp_First,Whole,Experiment,2.665503740310669,Scrambled,1.8955901861190796
115,1561.jpg,U,unconscious_unaware,307,Extra,Whole,Extra,1.1634963750839233,Scrambled,1.3932558298110962
116,1561.jpg,U,unconscious_unaware,305,Extra,Whole,Extra,,Scrambled,7.9792985916137695
116,1561.jpg,U,unconscious_unaware,41,Exp_First,Whole,Experiment,2.124112606048584,Scrambled,0.8119868636131287
102,1562.jpg,C,conscious_aware,24,Exp_First,Whole,Experiment,5.6637492179870605,Scrambled,3.2364866733551025
103,1562.jpg,C,conscious_aware,118,Exp_Second,Whole,Experiment,0.8537022471427917,Scrambled,1.0652284622192383
113,1562.jpg,C,conscious_aware,122,Exp_Second,Whole,Experiment,0.7052054405212402,Scrambled,0.04646404832601547
108,1562.jpg,U,unconscious_aware,5,Exp_First,Whole,Experiment,4.478625774383545,Scrambled,1.7358208894729614
117,1562.jpg,U,unconscious_aware,401,Extra,Whole,Extra,5.282225608825684,Scrambled,-0.20776094496250153
119,1562.jpg,U,unconscious_aware,446,Extra,Whole,Extra,5.654038429260254,Scrambled,-0.20776094496250153
105,1562.jpg,U,unconscious_unaware,394,Extra,Whole,Extra,3.582430839538574,Scrambled,-0.20776094496250153
115,1562.jpg,U,unconscious_unaware,323,Extra,Whole,Extra,0.5253264904022217,Scrambled,3.6037681102752686
116,1562.jpg,U,unconscious_unaware,15,Exp_First,Whole,Experiment,4.096823692321777,Scrambled,2.083564043045044
116,1562.jpg,U,unconscious_unaware,361,Extra,Whole,Extra,0.35125571489334106,Scrambled,-0.20776094496250153
101,1565.jpg,C,conscious_aware,15,Exp_First,Whole,Experiment,4.943362712860107,Scrambled,0.17444229125976562
102,1565.jpg,C,conscious_aware,56,Exp_First,Whole,Experiment,5.272356033325195,Scrambled,0.20845849812030792
103,1565.jpg,C,conscious_aware,83,Exp_Second,Whole,Experiment,3.63913631439209,Scrambled,0.29442617297172546
111,1565.jpg,C,conscious_aware,19,Exp_First,Whole,Experiment,4.866117477416992,Scrambled,0.5367929339408875
116,1565.jpg,C,conscious_aware,16,Exp_First,Whole,Experiment,4.382271766662598,Scrambled,2.5335335731506348
108,1565.jpg,U,unconscious_aware,399,Extra,Whole,Extra,3.445685625076294,Scrambled,-0.15858419239521027
119,1565.jpg,U,unconscious_aware,36,Exp_First,Whole,Experiment,,Scrambled,0.01903790421783924
105,1565.jpg,U,unconscious_unaware,387,Extra,Whole,Extra,1.4519673585891724,Scrambled,-0.12860770523548126
105,1565.jpg,U,unconscious_unaware,45,Exp_First,Whole,Experiment,1.0501179695129395,Scrambled,1.8210558891296387
114,1565.jpg,U,unconscious_unaware,114,Exp_Second,Whole,Experiment,,Scrambled,0.6850441098213196
101,1567.jpg,C,conscious_aware,52,Exp_First,Whole,Experiment,0.7161686420440674,Scrambled,5.991188049316406
103,1567.jpg,C,conscious_aware,74,Exp_Second,Whole,Experiment,3.839111328125,Scrambled,1.6862480640411377
105,1567.jpg,C,conscious_aware,45,Exp_First,Whole,Experiment,8.336034774780273,Scrambled,0.46556973457336426
107,1567.jpg,C,conscious_aware,23,Exp_First,Whole,Experiment,7.942800045013428,Scrambled,-0.10262492299079895
117,1567.jpg,C,conscious_aware,36,Exp_First,Whole,Experiment,4.540873050689697,Scrambled,0.21728448569774628
102,1567.jpg,U,unconscious_unaware,15,Exp_First,Whole,Experiment,6.817937850952148,Scrambled,4.566728591918945
115,1567.jpg,U,unconscious_unaware,49,Exp_First,Whole,Experiment,1.0725388526916504,Scrambled,1.3055384159088135
119,1567.jpg,U,unconscious_unaware,9,Exp_First,Whole,Experiment,1.1443239450454712,Scrambled,-0.19161993265151978
103,1570.jpg,C,conscious_aware,55,Exp_First,Whole,Experiment,4.341823577880859,Scrambled,0.2234833538532257
107,1570.jpg,C,conscious_aware,18,Exp_First,Whole,Experiment,7.535758972167969,Scrambled,-0.20761585235595703
108,1570.jpg,C,conscious_aware,126,Exp_Second,Whole,Experiment,9.87808895111084,Scrambled,0.9611188769340515
111,1570.jpg,C,conscious_aware,74,Exp_Second,Whole,Experiment,3.641448974609375,Scrambled,1.6405935287475586
101,1570.jpg,U,unconscious_unaware,83,Exp_Second,Whole,Experiment,9.235363006591797,Scrambled,0.08434659242630005
102,1570.jpg,U,unconscious_unaware,301,Extra,Whole,Extra,10.204475402832031,Scrambled,2.818485736846924
105,1570.jpg,U,unconscious_unaware,13,Exp_First,Whole,Experiment,9.117900848388672,Scrambled,-0.27224001288414
115,1570.jpg,U,unconscious_unaware,314,Extra,Whole,Extra,-0.1614852249622345,Scrambled,2.189419746398926
116,1570.jpg,U,unconscious_unaware,125,Exp_Second,Whole,Experiment,7.763383865356445,Scrambled,3.020981788635254
116,1570.jpg,U,unconscious_unaware,349,Extra,Whole,Extra,2.482041597366333,Scrambled,3.7278881072998047
119,1570.jpg,U,unconscious_unaware,89,Exp_First,Whole,Experiment,6.173436641693115,Scrambled,-0.27224001288414
102,1574.jpg,C,conscious_aware,5,Exp_First,Whole,Experiment,8.634452819824219,Scrambled,3.213920831680298
103,1574.jpg,C,conscious_aware,43,Exp_First,Whole,Experiment,0.5422176122665405,Scrambled,8.891648292541504
107,1574.jpg,C,conscious_aware,118,Exp_Second,Whole,Experiment,4.878025531768799,Scrambled,-0.15578748285770416
111,1574.jpg,C,conscious_aware,14,Exp_First,Whole,Experiment,5.423396110534668,Scrambled,4.438559055328369
113,1574.jpg,C,conscious_aware,81,Exp_First,Whole,Experiment,6.670374393463135,Scrambled,4.769617557525635
119,1574.jpg,C,conscious_aware,48,Exp_First,Whole,Experiment,1.0393149852752686,Scrambled,-0.15578748285770416
103,1574.jpg,U,unconscious_aware,413,Extra,Whole,Extra,9.374671936035156,Scrambled,1.0802477598190308
108,1574.jpg,U,unconscious_aware,13,Exp_First,Whole,Experiment,6.275595664978027,Scrambled,0.8694607019424438
108,1574.jpg,U,unconscious_aware,386,Extra,Whole,Extra,1.865342140197754,Scrambled,-0.217482328414917
117,1574.jpg,U,unconscious_aware,111,Exp_Second,Whole,Experiment,9.788573265075684,Scrambled,1.2105556726455688
119,1574.jpg,U,unconscious_aware,353,Extra,Whole,Extra,0.3953573405742645,Scrambled,-0.2165125012397766
101,1574.jpg,U,unconscious_unaware,438,Extra,Whole,Extra,6.893413543701172,Scrambled,1.2557294368743896
101,1574.jpg,U,unconscious_unaware,46,Exp_First,Whole,Experiment,3.8265116214752197,Scrambled,0.05316726490855217
115,1574.jpg,U,unconscious_unaware,45,Exp_First,Whole,Experiment,3.9615867137908936,Scrambled,0.9239481091499329
116,1574.jpg,U,unconscious_unaware,42,Exp_First,Whole,Experiment,0.2607780396938324,Scrambled,1.1938928365707397
102,1576.jpg,C,conscious_aware,108,Exp_Second,Whole,Experiment,6.506103038787842,Scrambled,-0.18664143979549408
107,1576.jpg,C,conscious_aware,50,Exp_First,Whole,Experiment,4.483242511749268,Scrambled,3.7136003971099854
111,1576.jpg,C,conscious_aware,82,Exp_Second,Whole,Experiment,5.012141704559326,Scrambled,-0.18706680834293365
102,1576.jpg,U,unconscious_unaware,315,Extra,Whole,Extra,4.823848247528076,Scrambled,1.4584801197052002
103,1576.jpg,U,unconscious_unaware,84,Exp_Second,Whole,Experiment,-0.2611565887928009,Scrambled,-0.11533884704113007
105,1576.jpg,U,unconscious_unaware,343,Extra,Whole,Extra,3.090247631072998,Scrambled,-0.11533886194229126
105,1576.jpg,U,unconscious_unaware,85,Exp_Second,Whole,Experiment,2.5151875019073486,Scrambled,-0.11533886194229126
115,1576.jpg,U,unconscious_unaware,116,Exp_Second,Whole,Experiment,-0.11386293172836304,Scrambled,-0.11322379112243652
115,1576.jpg,U,unconscious_unaware,436,Extra,Whole,Extra,0.749621570110321,Scrambled,5.532471656799316
102,1582.jpg,C,conscious_aware,6,Exp_First,Whole,Experiment,6.2986273765563965,Scrambled,0.35478270053863525
107,1582.jpg,C,conscious_aware,36,Exp_First,Whole,Experiment,1.8602288961410522,Scrambled,1.9081313610076904
111,1582.jpg,C,conscious_aware,39,Exp_First,Whole,Experiment,3.7413272857666016,Scrambled,-0.2454882711172104
115,1582.jpg,C,conscious_aware,119,Exp_Second,Whole,Experiment,3.0667333602905273,Scrambled,1.8362483978271484
116,1582.jpg,C,conscious_aware,73,Exp_Second,Whole,Experiment,3.152341842651367,Scrambled,-0.2088853269815445
117,1582.jpg,C,conscious_aware,51,Exp_First,Whole,Experiment,,Scrambled,-0.245488241314888
103,1582.jpg,U,unconscious_aware,359,Extra,Whole,Extra,4.742952823638916,Scrambled,-0.04234316572546959
108,1582.jpg,U,unconscious_aware,10,Exp_First,Whole,Experiment,3.0036864280700684,Scrambled,5.356807708740234
103,1582.jpg,U,unconscious_unaware,40,Exp_First,Whole,Experiment,4.652007579803467,Scrambled,2.9309749603271484
113,1582.jpg,U,unconscious_unaware,1,Exp_First,Whole,Experiment,3.9822473526000977,Scrambled,1.954226016998291
108,1607.jpg,U,unconscious_aware,305,Extra,Whole,Extra,1.7222901582717896,Scrambled,0.5158471465110779
116,1607.jpg,U,unconscious_aware,312,Extra,Whole,Extra,1.0037546157836914,Scrambled,-0.03149666264653206
103,1621.jpg,U,unconscious_aware,335,Extra,Whole,Extra,1.4957667589187622,Scrambled,8.095376968383789
108,1621.jpg,U,unconscious_aware,401,Extra,Whole,Extra,3.089914083480835,Scrambled,1.8430252075195312
113,1621.jpg,U,unconscious_aware,307,Extra,Whole,Extra,4.64494514465332,Scrambled,-0.11533885449171066
117,1621.jpg,U,unconscious_aware,304,Extra,Whole,Extra,,Scrambled,1.1364719867706299
102,1623.jpg,C,conscious_aware,36,Exp_First,Whole,Experiment,2.3169350624084473,Scrambled,3.653963565826416
105,1623.jpg,C,conscious_aware,70,Exp_Second,Whole,Experiment,1.5676418542861938,Scrambled,0.36101654171943665
115,1623.jpg,C,conscious_aware,2,Exp_First,Whole,Experiment,3.0281267166137695,Scrambled,2.506722927093506
117,1623.jpg,C,conscious_aware,74,Exp_First,Whole,Experiment,1.2704166173934937,Scrambled,0.2835947871208191
101,1623.jpg,U,unconscious_aware,422,Extra,Whole,Extra,3.0347676277160645,Scrambled,1.6585673093795776
103,1623.jpg,U,unconscious_aware,338,Extra,Whole,Extra,5.937914848327637,Scrambled,2.984523057937622
108,1623.jpg,U,unconscious_aware,115,Exp_Second,Whole,Experiment,5.411096096038818,Scrambled,1.8436388969421387
108,1623.jpg,U,unconscious_aware,427,Extra,Whole,Extra,0.09860333055257797,Scrambled,0.03150425851345062
119,1623.jpg,U,unconscious_aware,115,Exp_Second,Whole,Experiment,,Scrambled,0.0516410768032074
113,1623.jpg,U,unconscious_unaware,122,Exp_Second,Whole,Experiment,2.9947211742401123,Scrambled,2.1402945518493652
113,1623.jpg,U,unconscious_unaware,310,Extra,Whole,Extra,2.837918281555176,Scrambled,1.150164008140564
116,1623.jpg,U,unconscious_unaware,113,Exp_Second,Whole,Experiment,1.1774911880493164,Scrambled,1.051171064376831
101,1624.jpg,C,conscious_aware,72,Exp_Second,Whole,Experiment,0.45113682746887207,Scrambled,-0.04060538113117218
107,1624.jpg,C,conscious_aware,106,Exp_Second,Whole,Experiment,1.5876622200012207,Scrambled,1.6692544221878052
111,1624.jpg,C,conscious_aware,68,Exp_Second,Whole,Experiment,2.1619269847869873,Scrambled,0.00039045015000738204
117,1624.jpg,C,conscious_aware,70,Exp_First,Whole,Experiment,1.4220447540283203,Scrambled,0.3836716413497925
119,1624.jpg,C,conscious_aware,74,Exp_Second,Whole,Experiment,3.5161845684051514,Scrambled,-0.24068382382392883
103,1624.jpg,U,unconscious_aware,439,Extra,Whole,Extra,-0.21277007460594177,Scrambled,-0.09575548022985458
116,1624.jpg,U,unconscious_aware,68,Exp_First,Whole,Experiment,,Scrambled,0.9568012952804565
102,1624.jpg,U,unconscious_unaware,68,Exp_Second,Whole,Experiment,-0.25655025243759155,Scrambled,7.152042388916016
103,1624.jpg,U,unconscious_unaware,78,Exp_Second,Whole,Experiment,-0.0925234705209732,Scrambled,-0.1866936981678009
105,1624.jpg,U,unconscious_unaware,370,Extra,Whole,Extra,,Scrambled,1.9373085498809814
115,1624.jpg,U,unconscious_unaware,372,Extra,Whole,Extra,,Scrambled,-0.18191127479076385
116,1624.jpg,U,unconscious_unaware,410,Extra,Whole,Extra,-0.06772061437368393,Scrambled,1.119113564491272
107,1626.jpg,C,conscious_aware,76,Exp_Second,Whole,Experiment,2.755091428756714,Scrambled,0.2597507834434509
111,1626.jpg,C,conscious_aware,107,Exp_Second,Whole,Experiment,2.0954482555389404,Scrambled,1.3725203275680542
116,1626.jpg,C,conscious_aware,113,Exp_Second,Whole,Experiment,0.5635136365890503,Scrambled,0.5640049576759338
117,1626.jpg,C,conscious_aware,46,Exp_First,Whole,Experiment,2.8162357807159424,Scrambled,0.9103402495384216
103,1626.jpg,U,unconscious_aware,38,Exp_First,Whole,Experiment,4.687800884246826,Scrambled,2.4663589000701904
108,1626.jpg,U,unconscious_aware,378,Extra,Whole,Extra,1.8944839239120483,Scrambled,3.6798863410949707
108,1626.jpg,U,unconscious_aware,84,Exp_Second,Whole,Experiment,3.683525562286377,Scrambled,5.0348124504089355
105,1626.jpg,U,unconscious_unaware,80,Exp_Second,Whole,Experiment,3.7510364055633545,Scrambled,-0.231302872300148
113,1626.jpg,U,unconscious_unaware,304,Extra,Whole,Extra,3.1427879333496094,Scrambled,1.2694987058639526
114,1626.jpg,U,unconscious_unaware,11,Exp_First,Whole,Experiment,3.902851104736328,Scrambled,2.9622411727905273
116,1626.jpg,U,unconscious_unaware,319,Extra,Whole,Extra,2.9041261672973633,Scrambled,2.6002469062805176
102,1633.jpg,C,conscious_aware,114,Exp_Second,Whole,Experiment,3.4091999530792236,Scrambled,2.939861536026001
105,1633.jpg,C,conscious_aware,16,Exp_First,Whole,Experiment,4.041943073272705,Scrambled,2.384385585784912
107,1633.jpg,C,conscious_aware,101,Exp_Second,Whole,Experiment,4.036280155181885,Scrambled,4.506916522979736
108,1633.jpg,C,conscious_aware,59,Exp_First,Whole,Experiment,1.421560287475586,Scrambled,-0.1607164442539215
116,1633.jpg,C,conscious_aware,20,Exp_First,Whole,Experiment,2.6351802349090576,Scrambled,1.4033937454223633
117,1633.jpg,C,conscious_aware,129,Exp_Second,Whole,Experiment,4.024016857147217,Scrambled,0.027048859745264053
103,1633.jpg,U,unconscious_aware,365,Extra,Whole,Extra,3.4257547855377197,Scrambled,-0.18727022409439087
117,1633.jpg,U,unconscious_aware,312,Extra,Whole,Extra,,Scrambled,1.3337236642837524
119,1633.jpg,U,unconscious_aware,367,Extra,Whole,Extra,,Scrambled,0.5330005884170532
102,1633.jpg,U,unconscious_unaware,323,Extra,Whole,Extra,2.96492862701416,Scrambled,8.338842391967773
105,1633.jpg,U,unconscious_unaware,355,Extra,Whole,Extra,2.726980686187744,Scrambled,-0.18727022409439087
115,1633.jpg,U,unconscious_unaware,42,Exp_First,Whole,Experiment,2.1404998302459717,Scrambled,0.7624490857124329
101,1650.jpg,U,unconscious_unaware,441,Extra,Whole,Extra,4.016601085662842,Scrambled,
102,1650.jpg,U,unconscious_unaware,371,Extra,Whole,Extra,2.6426801681518555,Scrambled,
105,1650.jpg,U,unconscious_unaware,358,Extra,Whole,Extra,0.056028127670288086,Scrambled,
113,1650.jpg,U,unconscious_unaware,418,Extra,Whole,Extra,2.071106195449829,Scrambled,
115,1650.jpg,U,unconscious_unaware,446,Extra,Whole,Extra,1.156620979309082,Scrambled,
116,1650.jpg,U,unconscious_unaware,407,Extra,Whole,Extra,2.625448226928711,Scrambled,
105,1653.jpg,C,conscious_aware,101,Exp_Second,Whole,Experiment,5.647956371307373,Scrambled,1.4672240018844604
111,1653.jpg,C,conscious_aware,42,Exp_First,Whole,Experiment,4.071206092834473,Scrambled,-0.06716150045394897
113,1653.jpg,C,conscious_aware,4,Exp_First,Whole,Experiment,1.7144625186920166,Scrambled,1.335227131843567
103,1653.jpg,U,unconscious_aware,433,Extra,Whole,Extra,,Scrambled,1.225892186164856
117,1653.jpg,U,unconscious_aware,38,Exp_First,Whole,Experiment,2.323103904724121,Scrambled,0.9917576313018799
102,1653.jpg,U,unconscious_unaware,107,Exp_Second,Whole,Experiment,4.003426551818848,Scrambled,8.78324031829834
113,1653.jpg,U,unconscious_unaware,305,Extra,Whole,Extra,2.7857320308685303,Scrambled,1.3054399490356445
116,1653.jpg,U,unconscious_unaware,372,Extra,Whole,Extra,-0.14306150376796722,Scrambled,3.0580496788024902
101,1666.jpg,C,conscious_aware,93,Exp_Second,Whole,Experiment,5.579262733459473,Scrambled,0.8631265759468079
103,1666.jpg,C,conscious_aware,71,Exp_First,Whole,Experiment,0.07672936469316483,Scrambled,-0.11975744366645813
107,1666.jpg,C,conscious_aware,52,Exp_First,Whole,Experiment,6.337462902069092,Scrambled,0.0405755341053009
115,1666.jpg,C,conscious_aware,102,Exp_Second,Whole,Experiment,4.0902910232543945,Scrambled,-0.1271199733018875
117,1666.jpg,C,conscious_aware,104,Exp_Second,Whole,Experiment,4.6214704513549805,Scrambled,1.5128040313720703
108,1666.jpg,U,unconscious_aware,22,Exp_First,Whole,Experiment,3.5409412384033203,Scrambled,3.355379819869995
116,1666.jpg,U,unconscious_aware,27,Exp_First,Whole,Experiment,4.9942307472229,Scrambled,0.0365738682448864
119,1666.jpg,U,unconscious_aware,395,Extra,Whole,Extra,2.041322708129883,Scrambled,-0.22901393473148346
119,1666.jpg,U,unconscious_aware,44,Exp_First,Whole,Experiment,-0.2579776644706726,Scrambled,-0.22901393473148346
101,1666.jpg,U,unconscious_unaware,437,Extra,Whole,Extra,3.295908212661743,Scrambled,-0.22901393473148346
102,1666.jpg,U,unconscious_unaware,364,Extra,Whole,Extra,2.786557912826538,Scrambled,0.4337383508682251
103,1666.jpg,U,unconscious_unaware,326,Extra,Whole,Extra,3.289539098739624,Scrambled,1.9106909036636353
113,1666.jpg,U,unconscious_unaware,446,Extra,Whole,Extra,1.8066339492797852,Scrambled,1.8742702007293701
113,1666.jpg,U,unconscious_unaware,71,Exp_First,Whole,Experiment,3.9648566246032715,Scrambled,0.49068117141723633
116,1666.jpg,U,unconscious_unaware,420,Extra,Whole,Extra,0.6862578988075256,Scrambled,1.7316964864730835
102,1669.jpg,C,conscious_aware,124,Exp_Second,Whole,Experiment,,Scrambled,0.570503294467926
116,1669.jpg,C,conscious_aware,87,Exp_Second,Whole,Experiment,0.16978102922439575,Scrambled,1.2455406188964844
117,1669.jpg,C,conscious_aware,47,Exp_First,Whole,Experiment,1.66425621509552,Scrambled,0.29269716143608093
103,1669.jpg,U,unconscious_aware,321,Extra,Whole,Extra,,Scrambled,-0.20379669964313507
108,1669.jpg,U,unconscious_aware,119,Exp_Second,Whole,Experiment,0.819875955581665,Scrambled,4.3925862312316895
117,1669.jpg,U,unconscious_aware,378,Extra,Whole,Extra,,Scrambled,0.46518754959106445
101,1669.jpg,U,unconscious_unaware,116,Exp_Second,Whole,Experiment,0.5470761656761169,Scrambled,0.34797078371047974
102,1669.jpg,U,unconscious_unaware,388,Extra,Whole,Extra,0.8254837989807129,Scrambled,7.083154201507568
105,1669.jpg,U,unconscious_unaware,350,Extra,Whole,Extra,2.4873979091644287,Scrambled,-0.23274409770965576
102,1674.jpg,C,conscious_aware,1,Exp_First,Whole,Experiment,4.021976470947266,Scrambled,0.1507698893547058
107,1674.jpg,C,conscious_aware,68,Exp_Second,Whole,Experiment,2.444711923599243,Scrambled,1.5786021947860718
115,1674.jpg,C,conscious_aware,101,Exp_Second,Whole,Experiment,2.473644495010376,Scrambled,0.2436593919992447
117,1674.jpg,C,conscious_aware,68,Exp_First,Whole,Experiment,1.058148980140686,Scrambled,1.1234222650527954
103,1674.jpg,U,unconscious_aware,437,Extra,Whole,Extra,1.0061209201812744,Scrambled,2.02498197555542
116,1674.jpg,U,unconscious_aware,2,Exp_First,Whole,Experiment,2.9966881275177,Scrambled,4.307522296905518
119,1674.jpg,U,unconscious_aware,71,Exp_First,Whole,Experiment,,Scrambled,4.022430896759033
113,1674.jpg,U,unconscious_unaware,35,Exp_First,Whole,Experiment,0.1497832089662552,Scrambled,4.391416549682617
116,1674.jpg,U,unconscious_unaware,336,Extra,Whole,Extra,3.039811611175537,Scrambled,1.3419665098190308
111,1680.jpg,C,conscious_aware,99,Exp_Second,Whole,Experiment,1.3842469453811646,Scrambled,0.9097861647605896
113,1680.jpg,C,conscious_aware,58,Exp_First,Whole,Experiment,0.6923884153366089,Scrambled,7.84269380569458
115,1680.jpg,C,conscious_aware,99,Exp_Second,Whole,Experiment,0.2932871878147125,Scrambled,1.1587344408035278
103,1680.jpg,U,unconscious_aware,97,Exp_Second,Whole,Experiment,6.49210262298584,Scrambled,0.9403479695320129
108,1680.jpg,U,unconscious_aware,450,Extra,Whole,Extra,2.6253764629364014,Scrambled,5.102578163146973
108,1680.jpg,U,unconscious_aware,95,Exp_Second,Whole,Experiment,0.409336656332016,Scrambled,1.3099175691604614
119,1680.jpg,U,unconscious_aware,128,Exp_Second,Whole,Experiment,5.658746242523193,Scrambled,-0.08298344165086746
101,1680.jpg,U,unconscious_unaware,393,Extra,Whole,Extra,5.575817584991455,Scrambled,1.8619284629821777
115,1680.jpg,U,unconscious_unaware,431,Extra,Whole,Extra,5.667343616485596,Scrambled,5.738245964050293
116,1680.jpg,U,unconscious_unaware,118,Exp_Second,Whole,Experiment,0.7855002284049988,Scrambled,5.042604923248291
102,1693.jpg,C,conscious_aware,121,Exp_Second,Whole,Experiment,3.9651236534118652,Scrambled,-0.11070374399423599
103,1693.jpg,C,conscious_aware,112,Exp_Second,Whole,Experiment,4.579778671264648,Scrambled,1.5650180578231812
105,1693.jpg,C,conscious_aware,120,Exp_Second,Whole,Experiment,3.9804017543792725,Scrambled,1.2542473077774048
107,1693.jpg,C,conscious_aware,42,Exp_First,Whole,Experiment,6.1185736656188965,Scrambled,-0.14840896427631378
116,1693.jpg,C,conscious_aware,18,Exp_First,Whole,Experiment,2.936486005783081,Scrambled,1.2636483907699585
115,1693.jpg,U,unconscious_unaware,16,Exp_First,Whole,Experiment,,Scrambled,0.13756079971790314
115,1693.jpg,U,unconscious_unaware,382,Extra,Whole,Extra,,Scrambled,0.6162817478179932
103,1694.jpg,C,conscious_aware,102,Exp_Second,Whole,Experiment,1.7174001932144165,Scrambled,-0.10596427321434021
107,1694.jpg,C,conscious_aware,25,Exp_First,Whole,Experiment,4.605062007904053,Scrambled,-0.11611735075712204
108,1694.jpg,C,conscious_aware,102,Exp_Second,Whole,Experiment,3.855844020843506,Scrambled,0.24114634096622467
116,1694.jpg,C,conscious_aware,91,Exp_Second,Whole,Experiment,1.8240514993667603,Scrambled,0.3703634738922119
102,1694.jpg,U,unconscious_unaware,45,Exp_First,Whole,Experiment,2.4791672229766846,Scrambled,2.8509833812713623
114,1694.jpg,U,unconscious_unaware,50,Exp_First,Whole,Experiment,2.107329845428467,Scrambled,-0.21309490501880646
115,1694.jpg,U,unconscious_unaware,344,Extra,Whole,Extra,-0.06273183226585388,Scrambled,4.730154514312744
115,1694.jpg,U,unconscious_unaware,80,Exp_Second,Whole,Experiment,2.129833698272705,Scrambled,2.121241331100464
108,1700.jpg,U,unconscious_aware,398,Extra,Whole,Extra,2.052443027496338,Scrambled,0.8626157641410828
119,1700.jpg,U,unconscious_aware,432,Extra,Whole,Extra,2.0053508281707764,Scrambled,-0.19119171798229218
113,1700.jpg,U,unconscious_unaware,380,Extra,Whole,Extra,3.018528938293457,Scrambled,0.4519800841808319
116,1700.jpg,U,unconscious_unaware,426,Extra,Whole,Extra,3.6804099082946777,Scrambled,0.3123302757740021
